time_float,time_date
40179.00 ,2010-1-1
40180.00 ,2010-1-2
40181.00 ,2010-1-3
40182.00 ,2010-1-4
40183.00 ,2010-1-5
40184.00 ,2010-1-6
40185.00 ,2010-1-7
40186.00 ,2010-1-8
40187.00 ,2010-1-9
40188.00 ,2010-1-10
40189.00 ,2010-1-11
40190.00 ,2010-1-12
40191.00 ,2010-1-13
40192.00 ,2010-1-14
40193.00 ,2010-1-15
40194.00 ,2010-1-16
40195.00 ,2010-1-17
40196.00 ,2010-1-18
40197.00 ,2010-1-19
40198.00 ,2010-1-20
40199.00 ,2010-1-21
40200.00 ,2010-1-22
40201.00 ,2010-1-23
40202.00 ,2010-1-24
40203.00 ,2010-1-25
40204.00 ,2010-1-26
40205.00 ,2010-1-27
40206.00 ,2010-1-28
40207.00 ,2010-1-29
40208.00 ,2010-1-30
40209.00 ,2010-1-31
40210.00 ,2010-2-1
40211.00 ,2010-2-2
40212.00 ,2010-2-3
40213.00 ,2010-2-4
40214.00 ,2010-2-5
40215.00 ,2010-2-6
40216.00 ,2010-2-7
40217.00 ,2010-2-8
40218.00 ,2010-2-9
40219.00 ,2010-2-10
40220.00 ,2010-2-11
40221.00 ,2010-2-12
40222.00 ,2010-2-13
40223.00 ,2010-2-14
40224.00 ,2010-2-15
40225.00 ,2010-2-16
40226.00 ,2010-2-17
40227.00 ,2010-2-18
40228.00 ,2010-2-19
40229.00 ,2010-2-20
40230.00 ,2010-2-21
40231.00 ,2010-2-22
40232.00 ,2010-2-23
40233.00 ,2010-2-24
40234.00 ,2010-2-25
40235.00 ,2010-2-26
40236.00 ,2010-2-27
40237.00 ,2010-2-28
40238.00 ,2010-3-1
40239.00 ,2010-3-2
40240.00 ,2010-3-3
40241.00 ,2010-3-4
40242.00 ,2010-3-5
40243.00 ,2010-3-6
40244.00 ,2010-3-7
40245.00 ,2010-3-8
40246.00 ,2010-3-9
40247.00 ,2010-3-10
40248.00 ,2010-3-11
40249.00 ,2010-3-12
40250.00 ,2010-3-13
40251.00 ,2010-3-14
40252.00 ,2010-3-15
40253.00 ,2010-3-16
40254.00 ,2010-3-17
40255.00 ,2010-3-18
40256.00 ,2010-3-19
40257.00 ,2010-3-20
40258.00 ,2010-3-21
40259.00 ,2010-3-22
40260.00 ,2010-3-23
40261.00 ,2010-3-24
40262.00 ,2010-3-25
40263.00 ,2010-3-26
40264.00 ,2010-3-27
40265.00 ,2010-3-28
40266.00 ,2010-3-29
40267.00 ,2010-3-30
40268.00 ,2010-3-31
40269.00 ,2010-4-1
40270.00 ,2010-4-2
40271.00 ,2010-4-3
40272.00 ,2010-4-4
40273.00 ,2010-4-5
40274.00 ,2010-4-6
40275.00 ,2010-4-7
40276.00 ,2010-4-8
40277.00 ,2010-4-9
40278.00 ,2010-4-10
40279.00 ,2010-4-11
40280.00 ,2010-4-12
40281.00 ,2010-4-13
40282.00 ,2010-4-14
40283.00 ,2010-4-15
40284.00 ,2010-4-16
40285.00 ,2010-4-17
40286.00 ,2010-4-18
40287.00 ,2010-4-19
40288.00 ,2010-4-20
40289.00 ,2010-4-21
40290.00 ,2010-4-22
40291.00 ,2010-4-23
40292.00 ,2010-4-24
40293.00 ,2010-4-25
40294.00 ,2010-4-26
40295.00 ,2010-4-27
40296.00 ,2010-4-28
40297.00 ,2010-4-29
40298.00 ,2010-4-30
40299.00 ,2010-5-1
40300.00 ,2010-5-2
40301.00 ,2010-5-3
40302.00 ,2010-5-4
40303.00 ,2010-5-5
40304.00 ,2010-5-6
40305.00 ,2010-5-7
40306.00 ,2010-5-8
40307.00 ,2010-5-9
40308.00 ,2010-5-10
40309.00 ,2010-5-11
40310.00 ,2010-5-12
40311.00 ,2010-5-13
40312.00 ,2010-5-14
40313.00 ,2010-5-15
40314.00 ,2010-5-16
40315.00 ,2010-5-17
40316.00 ,2010-5-18
40317.00 ,2010-5-19
40318.00 ,2010-5-20
40319.00 ,2010-5-21
40320.00 ,2010-5-22
40321.00 ,2010-5-23
40322.00 ,2010-5-24
40323.00 ,2010-5-25
40324.00 ,2010-5-26
40325.00 ,2010-5-27
40326.00 ,2010-5-28
40327.00 ,2010-5-29
40328.00 ,2010-5-30
40329.00 ,2010-5-31
40330.00 ,2010-6-1
40331.00 ,2010-6-2
40332.00 ,2010-6-3
40333.00 ,2010-6-4
40334.00 ,2010-6-5
40335.00 ,2010-6-6
40336.00 ,2010-6-7
40337.00 ,2010-6-8
40338.00 ,2010-6-9
40339.00 ,2010-6-10
40340.00 ,2010-6-11
40341.00 ,2010-6-12
40342.00 ,2010-6-13
40343.00 ,2010-6-14
40344.00 ,2010-6-15
40345.00 ,2010-6-16
40346.00 ,2010-6-17
40347.00 ,2010-6-18
40348.00 ,2010-6-19
40349.00 ,2010-6-20
40350.00 ,2010-6-21
40351.00 ,2010-6-22
40352.00 ,2010-6-23
40353.00 ,2010-6-24
40354.00 ,2010-6-25
40355.00 ,2010-6-26
40356.00 ,2010-6-27
40357.00 ,2010-6-28
40358.00 ,2010-6-29
40359.00 ,2010-6-30
40360.00 ,2010-7-1
40361.00 ,2010-7-2
40362.00 ,2010-7-3
40363.00 ,2010-7-4
40364.00 ,2010-7-5
40365.00 ,2010-7-6
40366.00 ,2010-7-7
40367.00 ,2010-7-8
40368.00 ,2010-7-9
40369.00 ,2010-7-10
40370.00 ,2010-7-11
40371.00 ,2010-7-12
40372.00 ,2010-7-13
40373.00 ,2010-7-14
40374.00 ,2010-7-15
40375.00 ,2010-7-16
40376.00 ,2010-7-17
40377.00 ,2010-7-18
40378.00 ,2010-7-19
40379.00 ,2010-7-20
40380.00 ,2010-7-21
40381.00 ,2010-7-22
40382.00 ,2010-7-23
40383.00 ,2010-7-24
40384.00 ,2010-7-25
40385.00 ,2010-7-26
40386.00 ,2010-7-27
40387.00 ,2010-7-28
40388.00 ,2010-7-29
40389.00 ,2010-7-30
40390.00 ,2010-7-31
40391.00 ,2010-8-1
40392.00 ,2010-8-2
40393.00 ,2010-8-3
40394.00 ,2010-8-4
40395.00 ,2010-8-5
40396.00 ,2010-8-6
40397.00 ,2010-8-7
40398.00 ,2010-8-8
40399.00 ,2010-8-9
40400.00 ,2010-8-10
40401.00 ,2010-8-11
40402.00 ,2010-8-12
40403.00 ,2010-8-13
40404.00 ,2010-8-14
40405.00 ,2010-8-15
40406.00 ,2010-8-16
40407.00 ,2010-8-17
40408.00 ,2010-8-18
40409.00 ,2010-8-19
40410.00 ,2010-8-20
40411.00 ,2010-8-21
40412.00 ,2010-8-22
40413.00 ,2010-8-23
40414.00 ,2010-8-24
40415.00 ,2010-8-25
40416.00 ,2010-8-26
40417.00 ,2010-8-27
40418.00 ,2010-8-28
40419.00 ,2010-8-29
40420.00 ,2010-8-30
40421.00 ,2010-8-31
40422.00 ,2010-9-1
40423.00 ,2010-9-2
40424.00 ,2010-9-3
40425.00 ,2010-9-4
40426.00 ,2010-9-5
40427.00 ,2010-9-6
40428.00 ,2010-9-7
40429.00 ,2010-9-8
40430.00 ,2010-9-9
40431.00 ,2010-9-10
40432.00 ,2010-9-11
40433.00 ,2010-9-12
40434.00 ,2010-9-13
40435.00 ,2010-9-14
40436.00 ,2010-9-15
40437.00 ,2010-9-16
40438.00 ,2010-9-17
40439.00 ,2010-9-18
40440.00 ,2010-9-19
40441.00 ,2010-9-20
40442.00 ,2010-9-21
40443.00 ,2010-9-22
40444.00 ,2010-9-23
40445.00 ,2010-9-24
40446.00 ,2010-9-25
40447.00 ,2010-9-26
40448.00 ,2010-9-27
40449.00 ,2010-9-28
40450.00 ,2010-9-29
40451.00 ,2010-9-30
40452.00 ,2010-10-1
40453.00 ,2010-10-2
40454.00 ,2010-10-3
40455.00 ,2010-10-4
40456.00 ,2010-10-5
40457.00 ,2010-10-6
40458.00 ,2010-10-7
40459.00 ,2010-10-8
40460.00 ,2010-10-9
40461.00 ,2010-10-10
40462.00 ,2010-10-11
40463.00 ,2010-10-12
40464.00 ,2010-10-13
40465.00 ,2010-10-14
40466.00 ,2010-10-15
40467.00 ,2010-10-16
40468.00 ,2010-10-17
40469.00 ,2010-10-18
40470.00 ,2010-10-19
40471.00 ,2010-10-20
40472.00 ,2010-10-21
40473.00 ,2010-10-22
40474.00 ,2010-10-23
40475.00 ,2010-10-24
40476.00 ,2010-10-25
40477.00 ,2010-10-26
40478.00 ,2010-10-27
40479.00 ,2010-10-28
40480.00 ,2010-10-29
40481.00 ,2010-10-30
40482.00 ,2010-10-31
40483.00 ,2010-11-1
40484.00 ,2010-11-2
40485.00 ,2010-11-3
40486.00 ,2010-11-4
40487.00 ,2010-11-5
40488.00 ,2010-11-6
40489.00 ,2010-11-7
40490.00 ,2010-11-8
40491.00 ,2010-11-9
40492.00 ,2010-11-10
40493.00 ,2010-11-11
40494.00 ,2010-11-12
40495.00 ,2010-11-13
40496.00 ,2010-11-14
40497.00 ,2010-11-15
40498.00 ,2010-11-16
40499.00 ,2010-11-17
40500.00 ,2010-11-18
40501.00 ,2010-11-19
40502.00 ,2010-11-20
40503.00 ,2010-11-21
40504.00 ,2010-11-22
40505.00 ,2010-11-23
40506.00 ,2010-11-24
40507.00 ,2010-11-25
40508.00 ,2010-11-26
40509.00 ,2010-11-27
40510.00 ,2010-11-28
40511.00 ,2010-11-29
40512.00 ,2010-11-30
40513.00 ,2010-12-1
40514.00 ,2010-12-2
40515.00 ,2010-12-3
40516.00 ,2010-12-4
40517.00 ,2010-12-5
40518.00 ,2010-12-6
40519.00 ,2010-12-7
40520.00 ,2010-12-8
40521.00 ,2010-12-9
40522.00 ,2010-12-10
40523.00 ,2010-12-11
40524.00 ,2010-12-12
40525.00 ,2010-12-13
40526.00 ,2010-12-14
40527.00 ,2010-12-15
40528.00 ,2010-12-16
40529.00 ,2010-12-17
40530.00 ,2010-12-18
40531.00 ,2010-12-19
40532.00 ,2010-12-20
40533.00 ,2010-12-21
40534.00 ,2010-12-22
40535.00 ,2010-12-23
40536.00 ,2010-12-24
40537.00 ,2010-12-25
40538.00 ,2010-12-26
40539.00 ,2010-12-27
40540.00 ,2010-12-28
40541.00 ,2010-12-29
40542.00 ,2010-12-30
40543.00 ,2010-12-31
40544.00 ,2011-1-1
40545.00 ,2011-1-2
40546.00 ,2011-1-3
40547.00 ,2011-1-4
40548.00 ,2011-1-5
40549.00 ,2011-1-6
40550.00 ,2011-1-7
40551.00 ,2011-1-8
40552.00 ,2011-1-9
40553.00 ,2011-1-10
40554.00 ,2011-1-11
40555.00 ,2011-1-12
40556.00 ,2011-1-13
40557.00 ,2011-1-14
40558.00 ,2011-1-15
40559.00 ,2011-1-16
40560.00 ,2011-1-17
40561.00 ,2011-1-18
40562.00 ,2011-1-19
40563.00 ,2011-1-20
40564.00 ,2011-1-21
40565.00 ,2011-1-22
40566.00 ,2011-1-23
40567.00 ,2011-1-24
40568.00 ,2011-1-25
40569.00 ,2011-1-26
40570.00 ,2011-1-27
40571.00 ,2011-1-28
40572.00 ,2011-1-29
40573.00 ,2011-1-30
40574.00 ,2011-1-31
40575.00 ,2011-2-1
40576.00 ,2011-2-2
40577.00 ,2011-2-3
40578.00 ,2011-2-4
40579.00 ,2011-2-5
40580.00 ,2011-2-6
40581.00 ,2011-2-7
40582.00 ,2011-2-8
40583.00 ,2011-2-9
40584.00 ,2011-2-10
40585.00 ,2011-2-11
40586.00 ,2011-2-12
40587.00 ,2011-2-13
40588.00 ,2011-2-14
40589.00 ,2011-2-15
40590.00 ,2011-2-16
40591.00 ,2011-2-17
40592.00 ,2011-2-18
40593.00 ,2011-2-19
40594.00 ,2011-2-20
40595.00 ,2011-2-21
40596.00 ,2011-2-22
40597.00 ,2011-2-23
40598.00 ,2011-2-24
40599.00 ,2011-2-25
40600.00 ,2011-2-26
40601.00 ,2011-2-27
40602.00 ,2011-2-28
40603.00 ,2011-3-1
40604.00 ,2011-3-2
40605.00 ,2011-3-3
40606.00 ,2011-3-4
40607.00 ,2011-3-5
40608.00 ,2011-3-6
40609.00 ,2011-3-7
40610.00 ,2011-3-8
40611.00 ,2011-3-9
40612.00 ,2011-3-10
40613.00 ,2011-3-11
40614.00 ,2011-3-12
40615.00 ,2011-3-13
40616.00 ,2011-3-14
40617.00 ,2011-3-15
40618.00 ,2011-3-16
40619.00 ,2011-3-17
40620.00 ,2011-3-18
40621.00 ,2011-3-19
40622.00 ,2011-3-20
40623.00 ,2011-3-21
40624.00 ,2011-3-22
40625.00 ,2011-3-23
40626.00 ,2011-3-24
40627.00 ,2011-3-25
40628.00 ,2011-3-26
40629.00 ,2011-3-27
40630.00 ,2011-3-28
40631.00 ,2011-3-29
40632.00 ,2011-3-30
40633.00 ,2011-3-31
40634.00 ,2011-4-1
40635.00 ,2011-4-2
40636.00 ,2011-4-3
40637.00 ,2011-4-4
40638.00 ,2011-4-5
40639.00 ,2011-4-6
40640.00 ,2011-4-7
40641.00 ,2011-4-8
40642.00 ,2011-4-9
40643.00 ,2011-4-10
40644.00 ,2011-4-11
40645.00 ,2011-4-12
40646.00 ,2011-4-13
40647.00 ,2011-4-14
40648.00 ,2011-4-15
40649.00 ,2011-4-16
40650.00 ,2011-4-17
40651.00 ,2011-4-18
40652.00 ,2011-4-19
40653.00 ,2011-4-20
40654.00 ,2011-4-21
40655.00 ,2011-4-22
40656.00 ,2011-4-23
40657.00 ,2011-4-24
40658.00 ,2011-4-25
40659.00 ,2011-4-26
40660.00 ,2011-4-27
40661.00 ,2011-4-28
40662.00 ,2011-4-29
40663.00 ,2011-4-30
40664.00 ,2011-5-1
40665.00 ,2011-5-2
40666.00 ,2011-5-3
40667.00 ,2011-5-4
40668.00 ,2011-5-5
40669.00 ,2011-5-6
40670.00 ,2011-5-7
40671.00 ,2011-5-8
40672.00 ,2011-5-9
40673.00 ,2011-5-10
40674.00 ,2011-5-11
40675.00 ,2011-5-12
40676.00 ,2011-5-13
40677.00 ,2011-5-14
40678.00 ,2011-5-15
40679.00 ,2011-5-16
40680.00 ,2011-5-17
40681.00 ,2011-5-18
40682.00 ,2011-5-19
40683.00 ,2011-5-20
40684.00 ,2011-5-21
40685.00 ,2011-5-22
40686.00 ,2011-5-23
40687.00 ,2011-5-24
40688.00 ,2011-5-25
40689.00 ,2011-5-26
40690.00 ,2011-5-27
40691.00 ,2011-5-28
40692.00 ,2011-5-29
40693.00 ,2011-5-30
40694.00 ,2011-5-31
40695.00 ,2011-6-1
40696.00 ,2011-6-2
40697.00 ,2011-6-3
40698.00 ,2011-6-4
40699.00 ,2011-6-5
40700.00 ,2011-6-6
40701.00 ,2011-6-7
40702.00 ,2011-6-8
40703.00 ,2011-6-9
40704.00 ,2011-6-10
40705.00 ,2011-6-11
40706.00 ,2011-6-12
40707.00 ,2011-6-13
40708.00 ,2011-6-14
40709.00 ,2011-6-15
40710.00 ,2011-6-16
40711.00 ,2011-6-17
40712.00 ,2011-6-18
40713.00 ,2011-6-19
40714.00 ,2011-6-20
40715.00 ,2011-6-21
40716.00 ,2011-6-22
40717.00 ,2011-6-23
40718.00 ,2011-6-24
40719.00 ,2011-6-25
40720.00 ,2011-6-26
40721.00 ,2011-6-27
40722.00 ,2011-6-28
40723.00 ,2011-6-29
40724.00 ,2011-6-30
40725.00 ,2011-7-1
40726.00 ,2011-7-2
40727.00 ,2011-7-3
40728.00 ,2011-7-4
40729.00 ,2011-7-5
40730.00 ,2011-7-6
40731.00 ,2011-7-7
40732.00 ,2011-7-8
40733.00 ,2011-7-9
40734.00 ,2011-7-10
40735.00 ,2011-7-11
40736.00 ,2011-7-12
40737.00 ,2011-7-13
40738.00 ,2011-7-14
40739.00 ,2011-7-15
40740.00 ,2011-7-16
40741.00 ,2011-7-17
40742.00 ,2011-7-18
40743.00 ,2011-7-19
40744.00 ,2011-7-20
40745.00 ,2011-7-21
40746.00 ,2011-7-22
40747.00 ,2011-7-23
40748.00 ,2011-7-24
40749.00 ,2011-7-25
40750.00 ,2011-7-26
40751.00 ,2011-7-27
40752.00 ,2011-7-28
40753.00 ,2011-7-29
40754.00 ,2011-7-30
40755.00 ,2011-7-31
40756.00 ,2011-8-1
40757.00 ,2011-8-2
40758.00 ,2011-8-3
40759.00 ,2011-8-4
40760.00 ,2011-8-5
40761.00 ,2011-8-6
40762.00 ,2011-8-7
40763.00 ,2011-8-8
40764.00 ,2011-8-9
40765.00 ,2011-8-10
40766.00 ,2011-8-11
40767.00 ,2011-8-12
40768.00 ,2011-8-13
40769.00 ,2011-8-14
40770.00 ,2011-8-15
40771.00 ,2011-8-16
40772.00 ,2011-8-17
40773.00 ,2011-8-18
40774.00 ,2011-8-19
40775.00 ,2011-8-20
40776.00 ,2011-8-21
40777.00 ,2011-8-22
40778.00 ,2011-8-23
40779.00 ,2011-8-24
40780.00 ,2011-8-25
40781.00 ,2011-8-26
40782.00 ,2011-8-27
40783.00 ,2011-8-28
40784.00 ,2011-8-29
40785.00 ,2011-8-30
40786.00 ,2011-8-31
40787.00 ,2011-9-1
40788.00 ,2011-9-2
40789.00 ,2011-9-3
40790.00 ,2011-9-4
40791.00 ,2011-9-5
40792.00 ,2011-9-6
40793.00 ,2011-9-7
40794.00 ,2011-9-8
40795.00 ,2011-9-9
40796.00 ,2011-9-10
40797.00 ,2011-9-11
40798.00 ,2011-9-12
40799.00 ,2011-9-13
40800.00 ,2011-9-14
40801.00 ,2011-9-15
40802.00 ,2011-9-16
40803.00 ,2011-9-17
40804.00 ,2011-9-18
40805.00 ,2011-9-19
40806.00 ,2011-9-20
40807.00 ,2011-9-21
40808.00 ,2011-9-22
40809.00 ,2011-9-23
40810.00 ,2011-9-24
40811.00 ,2011-9-25
40812.00 ,2011-9-26
40813.00 ,2011-9-27
40814.00 ,2011-9-28
40815.00 ,2011-9-29
40816.00 ,2011-9-30
40817.00 ,2011-10-1
40818.00 ,2011-10-2
40819.00 ,2011-10-3
40820.00 ,2011-10-4
40821.00 ,2011-10-5
40822.00 ,2011-10-6
40823.00 ,2011-10-7
40824.00 ,2011-10-8
40825.00 ,2011-10-9
40826.00 ,2011-10-10
40827.00 ,2011-10-11
40828.00 ,2011-10-12
40829.00 ,2011-10-13
40830.00 ,2011-10-14
40831.00 ,2011-10-15
40832.00 ,2011-10-16
40833.00 ,2011-10-17
40834.00 ,2011-10-18
40835.00 ,2011-10-19
40836.00 ,2011-10-20
40837.00 ,2011-10-21
40838.00 ,2011-10-22
40839.00 ,2011-10-23
40840.00 ,2011-10-24
40841.00 ,2011-10-25
40842.00 ,2011-10-26
40843.00 ,2011-10-27
40844.00 ,2011-10-28
40845.00 ,2011-10-29
40846.00 ,2011-10-30
40847.00 ,2011-10-31
40848.00 ,2011-11-1
40849.00 ,2011-11-2
40850.00 ,2011-11-3
40851.00 ,2011-11-4
40852.00 ,2011-11-5
40853.00 ,2011-11-6
40854.00 ,2011-11-7
40855.00 ,2011-11-8
40856.00 ,2011-11-9
40857.00 ,2011-11-10
40858.00 ,2011-11-11
40859.00 ,2011-11-12
40860.00 ,2011-11-13
40861.00 ,2011-11-14
40862.00 ,2011-11-15
40863.00 ,2011-11-16
40864.00 ,2011-11-17
40865.00 ,2011-11-18
40866.00 ,2011-11-19
40867.00 ,2011-11-20
40868.00 ,2011-11-21
40869.00 ,2011-11-22
40870.00 ,2011-11-23
40871.00 ,2011-11-24
40872.00 ,2011-11-25
40873.00 ,2011-11-26
40874.00 ,2011-11-27
40875.00 ,2011-11-28
40876.00 ,2011-11-29
40877.00 ,2011-11-30
40878.00 ,2011-12-1
40879.00 ,2011-12-2
40880.00 ,2011-12-3
40881.00 ,2011-12-4
40882.00 ,2011-12-5
40883.00 ,2011-12-6
40884.00 ,2011-12-7
40885.00 ,2011-12-8
40886.00 ,2011-12-9
40887.00 ,2011-12-10
40888.00 ,2011-12-11
40889.00 ,2011-12-12
40890.00 ,2011-12-13
40891.00 ,2011-12-14
40892.00 ,2011-12-15
40893.00 ,2011-12-16
40894.00 ,2011-12-17
40895.00 ,2011-12-18
40896.00 ,2011-12-19
40897.00 ,2011-12-20
40898.00 ,2011-12-21
40899.00 ,2011-12-22
40900.00 ,2011-12-23
40901.00 ,2011-12-24
40902.00 ,2011-12-25
40903.00 ,2011-12-26
40904.00 ,2011-12-27
40905.00 ,2011-12-28
40906.00 ,2011-12-29
40907.00 ,2011-12-30
40908.00 ,2011-12-31
40909.00 ,2012-1-1
40910.00 ,2012-1-2
40911.00 ,2012-1-3
40912.00 ,2012-1-4
40913.00 ,2012-1-5
40914.00 ,2012-1-6
40915.00 ,2012-1-7
40916.00 ,2012-1-8
40917.00 ,2012-1-9
40918.00 ,2012-1-10
40919.00 ,2012-1-11
40920.00 ,2012-1-12
40921.00 ,2012-1-13
40922.00 ,2012-1-14
40923.00 ,2012-1-15
40924.00 ,2012-1-16
40925.00 ,2012-1-17
40926.00 ,2012-1-18
40927.00 ,2012-1-19
40928.00 ,2012-1-20
40929.00 ,2012-1-21
40930.00 ,2012-1-22
40931.00 ,2012-1-23
40932.00 ,2012-1-24
40933.00 ,2012-1-25
40934.00 ,2012-1-26
40935.00 ,2012-1-27
40936.00 ,2012-1-28
40937.00 ,2012-1-29
40938.00 ,2012-1-30
40939.00 ,2012-1-31
40940.00 ,2012-2-1
40941.00 ,2012-2-2
40942.00 ,2012-2-3
40943.00 ,2012-2-4
40944.00 ,2012-2-5
40945.00 ,2012-2-6
40946.00 ,2012-2-7
40947.00 ,2012-2-8
40948.00 ,2012-2-9
40949.00 ,2012-2-10
40950.00 ,2012-2-11
40951.00 ,2012-2-12
40952.00 ,2012-2-13
40953.00 ,2012-2-14
40954.00 ,2012-2-15
40955.00 ,2012-2-16
40956.00 ,2012-2-17
40957.00 ,2012-2-18
40958.00 ,2012-2-19
40959.00 ,2012-2-20
40960.00 ,2012-2-21
40961.00 ,2012-2-22
40962.00 ,2012-2-23
40963.00 ,2012-2-24
40964.00 ,2012-2-25
40965.00 ,2012-2-26
40966.00 ,2012-2-27
40967.00 ,2012-2-28
40968.00 ,2012-2-29
40969.00 ,2012-3-1
40970.00 ,2012-3-2
40971.00 ,2012-3-3
40972.00 ,2012-3-4
40973.00 ,2012-3-5
40974.00 ,2012-3-6
40975.00 ,2012-3-7
40976.00 ,2012-3-8
40977.00 ,2012-3-9
40978.00 ,2012-3-10
40979.00 ,2012-3-11
40980.00 ,2012-3-12
40981.00 ,2012-3-13
40982.00 ,2012-3-14
40983.00 ,2012-3-15
40984.00 ,2012-3-16
40985.00 ,2012-3-17
40986.00 ,2012-3-18
40987.00 ,2012-3-19
40988.00 ,2012-3-20
40989.00 ,2012-3-21
40990.00 ,2012-3-22
40991.00 ,2012-3-23
40992.00 ,2012-3-24
40993.00 ,2012-3-25
40994.00 ,2012-3-26
40995.00 ,2012-3-27
40996.00 ,2012-3-28
40997.00 ,2012-3-29
40998.00 ,2012-3-30
40999.00 ,2012-3-31
41000.00 ,2012-4-1
41001.00 ,2012-4-2
41002.00 ,2012-4-3
41003.00 ,2012-4-4
41004.00 ,2012-4-5
41005.00 ,2012-4-6
41006.00 ,2012-4-7
41007.00 ,2012-4-8
41008.00 ,2012-4-9
41009.00 ,2012-4-10
41010.00 ,2012-4-11
41011.00 ,2012-4-12
41012.00 ,2012-4-13
41013.00 ,2012-4-14
41014.00 ,2012-4-15
41015.00 ,2012-4-16
41016.00 ,2012-4-17
41017.00 ,2012-4-18
41018.00 ,2012-4-19
41019.00 ,2012-4-20
41020.00 ,2012-4-21
41021.00 ,2012-4-22
41022.00 ,2012-4-23
41023.00 ,2012-4-24
41024.00 ,2012-4-25
41025.00 ,2012-4-26
41026.00 ,2012-4-27
41027.00 ,2012-4-28
41028.00 ,2012-4-29
41029.00 ,2012-4-30
41030.00 ,2012-5-1
41031.00 ,2012-5-2
41032.00 ,2012-5-3
41033.00 ,2012-5-4
41034.00 ,2012-5-5
41035.00 ,2012-5-6
41036.00 ,2012-5-7
41037.00 ,2012-5-8
41038.00 ,2012-5-9
41039.00 ,2012-5-10
41040.00 ,2012-5-11
41041.00 ,2012-5-12
41042.00 ,2012-5-13
41043.00 ,2012-5-14
41044.00 ,2012-5-15
41045.00 ,2012-5-16
41046.00 ,2012-5-17
41047.00 ,2012-5-18
41048.00 ,2012-5-19
41049.00 ,2012-5-20
41050.00 ,2012-5-21
41051.00 ,2012-5-22
41052.00 ,2012-5-23
41053.00 ,2012-5-24
41054.00 ,2012-5-25
41055.00 ,2012-5-26
41056.00 ,2012-5-27
41057.00 ,2012-5-28
41058.00 ,2012-5-29
41059.00 ,2012-5-30
41060.00 ,2012-5-31
41061.00 ,2012-6-1
41062.00 ,2012-6-2
41063.00 ,2012-6-3
41064.00 ,2012-6-4
41065.00 ,2012-6-5
41066.00 ,2012-6-6
41067.00 ,2012-6-7
41068.00 ,2012-6-8
41069.00 ,2012-6-9
41070.00 ,2012-6-10
41071.00 ,2012-6-11
41072.00 ,2012-6-12
41073.00 ,2012-6-13
41074.00 ,2012-6-14
41075.00 ,2012-6-15
41076.00 ,2012-6-16
41077.00 ,2012-6-17
41078.00 ,2012-6-18
41079.00 ,2012-6-19
41080.00 ,2012-6-20
41081.00 ,2012-6-21
41082.00 ,2012-6-22
41083.00 ,2012-6-23
41084.00 ,2012-6-24
41085.00 ,2012-6-25
41086.00 ,2012-6-26
41087.00 ,2012-6-27
41088.00 ,2012-6-28
41089.00 ,2012-6-29
41090.00 ,2012-6-30
41091.00 ,2012-7-1
41092.00 ,2012-7-2
41093.00 ,2012-7-3
41094.00 ,2012-7-4
41095.00 ,2012-7-5
41096.00 ,2012-7-6
41097.00 ,2012-7-7
41098.00 ,2012-7-8
41099.00 ,2012-7-9
41100.00 ,2012-7-10
41101.00 ,2012-7-11
41102.00 ,2012-7-12
41103.00 ,2012-7-13
41104.00 ,2012-7-14
41105.00 ,2012-7-15
41106.00 ,2012-7-16
41107.00 ,2012-7-17
41108.00 ,2012-7-18
41109.00 ,2012-7-19
41110.00 ,2012-7-20
41111.00 ,2012-7-21
41112.00 ,2012-7-22
41113.00 ,2012-7-23
41114.00 ,2012-7-24
41115.00 ,2012-7-25
41116.00 ,2012-7-26
41117.00 ,2012-7-27
41118.00 ,2012-7-28
41119.00 ,2012-7-29
41120.00 ,2012-7-30
41121.00 ,2012-7-31
41122.00 ,2012-8-1
41123.00 ,2012-8-2
41124.00 ,2012-8-3
41125.00 ,2012-8-4
41126.00 ,2012-8-5
41127.00 ,2012-8-6
41128.00 ,2012-8-7
41129.00 ,2012-8-8
41130.00 ,2012-8-9
41131.00 ,2012-8-10
41132.00 ,2012-8-11
41133.00 ,2012-8-12
41134.00 ,2012-8-13
41135.00 ,2012-8-14
41136.00 ,2012-8-15
41137.00 ,2012-8-16
41138.00 ,2012-8-17
41139.00 ,2012-8-18
41140.00 ,2012-8-19
41141.00 ,2012-8-20
41142.00 ,2012-8-21
41143.00 ,2012-8-22
41144.00 ,2012-8-23
41145.00 ,2012-8-24
41146.00 ,2012-8-25
41147.00 ,2012-8-26
41148.00 ,2012-8-27
41149.00 ,2012-8-28
41150.00 ,2012-8-29
41151.00 ,2012-8-30
41152.00 ,2012-8-31
41153.00 ,2012-9-1
41154.00 ,2012-9-2
41155.00 ,2012-9-3
41156.00 ,2012-9-4
41157.00 ,2012-9-5
41158.00 ,2012-9-6
41159.00 ,2012-9-7
41160.00 ,2012-9-8
41161.00 ,2012-9-9
41162.00 ,2012-9-10
41163.00 ,2012-9-11
41164.00 ,2012-9-12
41165.00 ,2012-9-13
41166.00 ,2012-9-14
41167.00 ,2012-9-15
41168.00 ,2012-9-16
41169.00 ,2012-9-17
41170.00 ,2012-9-18
41171.00 ,2012-9-19
41172.00 ,2012-9-20
41173.00 ,2012-9-21
41174.00 ,2012-9-22
41175.00 ,2012-9-23
41176.00 ,2012-9-24
41177.00 ,2012-9-25
41178.00 ,2012-9-26
41179.00 ,2012-9-27
41180.00 ,2012-9-28
41181.00 ,2012-9-29
41182.00 ,2012-9-30
41183.00 ,2012-10-1
41184.00 ,2012-10-2
41185.00 ,2012-10-3
41186.00 ,2012-10-4
41187.00 ,2012-10-5
41188.00 ,2012-10-6
41189.00 ,2012-10-7
41190.00 ,2012-10-8
41191.00 ,2012-10-9
41192.00 ,2012-10-10
41193.00 ,2012-10-11
41194.00 ,2012-10-12
41195.00 ,2012-10-13
41196.00 ,2012-10-14
41197.00 ,2012-10-15
41198.00 ,2012-10-16
41199.00 ,2012-10-17
41200.00 ,2012-10-18
41201.00 ,2012-10-19
41202.00 ,2012-10-20
41203.00 ,2012-10-21
41204.00 ,2012-10-22
41205.00 ,2012-10-23
41206.00 ,2012-10-24
41207.00 ,2012-10-25
41208.00 ,2012-10-26
41209.00 ,2012-10-27
41210.00 ,2012-10-28
41211.00 ,2012-10-29
41212.00 ,2012-10-30
41213.00 ,2012-10-31
41214.00 ,2012-11-1
41215.00 ,2012-11-2
41216.00 ,2012-11-3
41217.00 ,2012-11-4
41218.00 ,2012-11-5
41219.00 ,2012-11-6
41220.00 ,2012-11-7
41221.00 ,2012-11-8
41222.00 ,2012-11-9
41223.00 ,2012-11-10
41224.00 ,2012-11-11
41225.00 ,2012-11-12
41226.00 ,2012-11-13
41227.00 ,2012-11-14
41228.00 ,2012-11-15
41229.00 ,2012-11-16
41230.00 ,2012-11-17
41231.00 ,2012-11-18
41232.00 ,2012-11-19
41233.00 ,2012-11-20
41234.00 ,2012-11-21
41235.00 ,2012-11-22
41236.00 ,2012-11-23
41237.00 ,2012-11-24
41238.00 ,2012-11-25
41239.00 ,2012-11-26
41240.00 ,2012-11-27
41241.00 ,2012-11-28
41242.00 ,2012-11-29
41243.00 ,2012-11-30
41244.00 ,2012-12-1
41245.00 ,2012-12-2
41246.00 ,2012-12-3
41247.00 ,2012-12-4
41248.00 ,2012-12-5
41249.00 ,2012-12-6
41250.00 ,2012-12-7
41251.00 ,2012-12-8
41252.00 ,2012-12-9
41253.00 ,2012-12-10
41254.00 ,2012-12-11
41255.00 ,2012-12-12
41256.00 ,2012-12-13
41257.00 ,2012-12-14
41258.00 ,2012-12-15
41259.00 ,2012-12-16
41260.00 ,2012-12-17
41261.00 ,2012-12-18
41262.00 ,2012-12-19
41263.00 ,2012-12-20
41264.00 ,2012-12-21
41265.00 ,2012-12-22
41266.00 ,2012-12-23
41267.00 ,2012-12-24
41268.00 ,2012-12-25
41269.00 ,2012-12-26
41270.00 ,2012-12-27
41271.00 ,2012-12-28
41272.00 ,2012-12-29
41273.00 ,2012-12-30
41274.00 ,2012-12-31
41275.00 ,2013-1-1
41276.00 ,2013-1-2
41277.00 ,2013-1-3
41278.00 ,2013-1-4
41279.00 ,2013-1-5
41280.00 ,2013-1-6
41281.00 ,2013-1-7
41282.00 ,2013-1-8
41283.00 ,2013-1-9
41284.00 ,2013-1-10
41285.00 ,2013-1-11
41286.00 ,2013-1-12
41287.00 ,2013-1-13
41288.00 ,2013-1-14
41289.00 ,2013-1-15
41290.00 ,2013-1-16
41291.00 ,2013-1-17
41292.00 ,2013-1-18
41293.00 ,2013-1-19
41294.00 ,2013-1-20
41295.00 ,2013-1-21
41296.00 ,2013-1-22
41297.00 ,2013-1-23
41298.00 ,2013-1-24
41299.00 ,2013-1-25
41300.00 ,2013-1-26
41301.00 ,2013-1-27
41302.00 ,2013-1-28
41303.00 ,2013-1-29
41304.00 ,2013-1-30
41305.00 ,2013-1-31
41306.00 ,2013-2-1
41307.00 ,2013-2-2
41308.00 ,2013-2-3
41309.00 ,2013-2-4
41310.00 ,2013-2-5
41311.00 ,2013-2-6
41312.00 ,2013-2-7
41313.00 ,2013-2-8
41314.00 ,2013-2-9
41315.00 ,2013-2-10
41316.00 ,2013-2-11
41317.00 ,2013-2-12
41318.00 ,2013-2-13
41319.00 ,2013-2-14
41320.00 ,2013-2-15
41321.00 ,2013-2-16
41322.00 ,2013-2-17
41323.00 ,2013-2-18
41324.00 ,2013-2-19
41325.00 ,2013-2-20
41326.00 ,2013-2-21
41327.00 ,2013-2-22
41328.00 ,2013-2-23
41329.00 ,2013-2-24
41330.00 ,2013-2-25
41331.00 ,2013-2-26
41332.00 ,2013-2-27
41333.00 ,2013-2-28
41334.00 ,2013-3-1
41335.00 ,2013-3-2
41336.00 ,2013-3-3
41337.00 ,2013-3-4
41338.00 ,2013-3-5
41339.00 ,2013-3-6
41340.00 ,2013-3-7
41341.00 ,2013-3-8
41342.00 ,2013-3-9
41343.00 ,2013-3-10
41344.00 ,2013-3-11
41345.00 ,2013-3-12
41346.00 ,2013-3-13
41347.00 ,2013-3-14
41348.00 ,2013-3-15
41349.00 ,2013-3-16
41350.00 ,2013-3-17
41351.00 ,2013-3-18
41352.00 ,2013-3-19
41353.00 ,2013-3-20
41354.00 ,2013-3-21
41355.00 ,2013-3-22
41356.00 ,2013-3-23
41357.00 ,2013-3-24
41358.00 ,2013-3-25
41359.00 ,2013-3-26
41360.00 ,2013-3-27
41361.00 ,2013-3-28
41362.00 ,2013-3-29
41363.00 ,2013-3-30
41364.00 ,2013-3-31
41365.00 ,2013-4-1
41366.00 ,2013-4-2
41367.00 ,2013-4-3
41368.00 ,2013-4-4
41369.00 ,2013-4-5
41370.00 ,2013-4-6
41371.00 ,2013-4-7
41372.00 ,2013-4-8
41373.00 ,2013-4-9
41374.00 ,2013-4-10
41375.00 ,2013-4-11
41376.00 ,2013-4-12
41377.00 ,2013-4-13
41378.00 ,2013-4-14
41379.00 ,2013-4-15
41380.00 ,2013-4-16
41381.00 ,2013-4-17
41382.00 ,2013-4-18
41383.00 ,2013-4-19
41384.00 ,2013-4-20
41385.00 ,2013-4-21
41386.00 ,2013-4-22
41387.00 ,2013-4-23
41388.00 ,2013-4-24
41389.00 ,2013-4-25
41390.00 ,2013-4-26
41391.00 ,2013-4-27
41392.00 ,2013-4-28
41393.00 ,2013-4-29
41394.00 ,2013-4-30
41395.00 ,2013-5-1
41396.00 ,2013-5-2
41397.00 ,2013-5-3
41398.00 ,2013-5-4
41399.00 ,2013-5-5
41400.00 ,2013-5-6
41401.00 ,2013-5-7
41402.00 ,2013-5-8
41403.00 ,2013-5-9
41404.00 ,2013-5-10
41405.00 ,2013-5-11
41406.00 ,2013-5-12
41407.00 ,2013-5-13
41408.00 ,2013-5-14
41409.00 ,2013-5-15
41410.00 ,2013-5-16
41411.00 ,2013-5-17
41412.00 ,2013-5-18
41413.00 ,2013-5-19
41414.00 ,2013-5-20
41415.00 ,2013-5-21
41416.00 ,2013-5-22
41417.00 ,2013-5-23
41418.00 ,2013-5-24
41419.00 ,2013-5-25
41420.00 ,2013-5-26
41421.00 ,2013-5-27
41422.00 ,2013-5-28
41423.00 ,2013-5-29
41424.00 ,2013-5-30
41425.00 ,2013-5-31
41426.00 ,2013-6-1
41427.00 ,2013-6-2
41428.00 ,2013-6-3
41429.00 ,2013-6-4
41430.00 ,2013-6-5
41431.00 ,2013-6-6
41432.00 ,2013-6-7
41433.00 ,2013-6-8
41434.00 ,2013-6-9
41435.00 ,2013-6-10
41436.00 ,2013-6-11
41437.00 ,2013-6-12
41438.00 ,2013-6-13
41439.00 ,2013-6-14
41440.00 ,2013-6-15
41441.00 ,2013-6-16
41442.00 ,2013-6-17
41443.00 ,2013-6-18
41444.00 ,2013-6-19
41445.00 ,2013-6-20
41446.00 ,2013-6-21
41447.00 ,2013-6-22
41448.00 ,2013-6-23
41449.00 ,2013-6-24
41450.00 ,2013-6-25
41451.00 ,2013-6-26
41452.00 ,2013-6-27
41453.00 ,2013-6-28
41454.00 ,2013-6-29
41455.00 ,2013-6-30
41456.00 ,2013-7-1
41457.00 ,2013-7-2
41458.00 ,2013-7-3
41459.00 ,2013-7-4
41460.00 ,2013-7-5
41461.00 ,2013-7-6
41462.00 ,2013-7-7
41463.00 ,2013-7-8
41464.00 ,2013-7-9
41465.00 ,2013-7-10
41466.00 ,2013-7-11
41467.00 ,2013-7-12
41468.00 ,2013-7-13
41469.00 ,2013-7-14
41470.00 ,2013-7-15
41471.00 ,2013-7-16
41472.00 ,2013-7-17
41473.00 ,2013-7-18
41474.00 ,2013-7-19
41475.00 ,2013-7-20
41476.00 ,2013-7-21
41477.00 ,2013-7-22
41478.00 ,2013-7-23
41479.00 ,2013-7-24
41480.00 ,2013-7-25
41481.00 ,2013-7-26
41482.00 ,2013-7-27
41483.00 ,2013-7-28
41484.00 ,2013-7-29
41485.00 ,2013-7-30
41486.00 ,2013-7-31
41487.00 ,2013-8-1
41488.00 ,2013-8-2
41489.00 ,2013-8-3
41490.00 ,2013-8-4
41491.00 ,2013-8-5
41492.00 ,2013-8-6
41493.00 ,2013-8-7
41494.00 ,2013-8-8
41495.00 ,2013-8-9
41496.00 ,2013-8-10
41497.00 ,2013-8-11
41498.00 ,2013-8-12
41499.00 ,2013-8-13
41500.00 ,2013-8-14
41501.00 ,2013-8-15
41502.00 ,2013-8-16
41503.00 ,2013-8-17
41504.00 ,2013-8-18
41505.00 ,2013-8-19
41506.00 ,2013-8-20
41507.00 ,2013-8-21
41508.00 ,2013-8-22
41509.00 ,2013-8-23
41510.00 ,2013-8-24
41511.00 ,2013-8-25
41512.00 ,2013-8-26
41513.00 ,2013-8-27
41514.00 ,2013-8-28
41515.00 ,2013-8-29
41516.00 ,2013-8-30
41517.00 ,2013-8-31
41518.00 ,2013-9-1
41519.00 ,2013-9-2
41520.00 ,2013-9-3
41521.00 ,2013-9-4
41522.00 ,2013-9-5
41523.00 ,2013-9-6
41524.00 ,2013-9-7
41525.00 ,2013-9-8
41526.00 ,2013-9-9
41527.00 ,2013-9-10
41528.00 ,2013-9-11
41529.00 ,2013-9-12
41530.00 ,2013-9-13
41531.00 ,2013-9-14
41532.00 ,2013-9-15
41533.00 ,2013-9-16
41534.00 ,2013-9-17
41535.00 ,2013-9-18
41536.00 ,2013-9-19
41537.00 ,2013-9-20
41538.00 ,2013-9-21
41539.00 ,2013-9-22
41540.00 ,2013-9-23
41541.00 ,2013-9-24
41542.00 ,2013-9-25
41543.00 ,2013-9-26
41544.00 ,2013-9-27
41545.00 ,2013-9-28
41546.00 ,2013-9-29
41547.00 ,2013-9-30
41548.00 ,2013-10-1
41549.00 ,2013-10-2
41550.00 ,2013-10-3
41551.00 ,2013-10-4
41552.00 ,2013-10-5
41553.00 ,2013-10-6
41554.00 ,2013-10-7
41555.00 ,2013-10-8
41556.00 ,2013-10-9
41557.00 ,2013-10-10
41558.00 ,2013-10-11
41559.00 ,2013-10-12
41560.00 ,2013-10-13
41561.00 ,2013-10-14
41562.00 ,2013-10-15
41563.00 ,2013-10-16
41564.00 ,2013-10-17
41565.00 ,2013-10-18
41566.00 ,2013-10-19
41567.00 ,2013-10-20
41568.00 ,2013-10-21
41569.00 ,2013-10-22
41570.00 ,2013-10-23
41571.00 ,2013-10-24
41572.00 ,2013-10-25
41573.00 ,2013-10-26
41574.00 ,2013-10-27
41575.00 ,2013-10-28
41576.00 ,2013-10-29
41577.00 ,2013-10-30
41578.00 ,2013-10-31
41579.00 ,2013-11-1
41580.00 ,2013-11-2
41581.00 ,2013-11-3
41582.00 ,2013-11-4
41583.00 ,2013-11-5
41584.00 ,2013-11-6
41585.00 ,2013-11-7
41586.00 ,2013-11-8
41587.00 ,2013-11-9
41588.00 ,2013-11-10
41589.00 ,2013-11-11
41590.00 ,2013-11-12
41591.00 ,2013-11-13
41592.00 ,2013-11-14
41593.00 ,2013-11-15
41594.00 ,2013-11-16
41595.00 ,2013-11-17
41596.00 ,2013-11-18
41597.00 ,2013-11-19
41598.00 ,2013-11-20
41599.00 ,2013-11-21
41600.00 ,2013-11-22
41601.00 ,2013-11-23
41602.00 ,2013-11-24
41603.00 ,2013-11-25
41604.00 ,2013-11-26
41605.00 ,2013-11-27
41606.00 ,2013-11-28
41607.00 ,2013-11-29
41608.00 ,2013-11-30
41609.00 ,2013-12-1
41610.00 ,2013-12-2
41611.00 ,2013-12-3
41612.00 ,2013-12-4
41613.00 ,2013-12-5
41614.00 ,2013-12-6
41615.00 ,2013-12-7
41616.00 ,2013-12-8
41617.00 ,2013-12-9
41618.00 ,2013-12-10
41619.00 ,2013-12-11
41620.00 ,2013-12-12
41621.00 ,2013-12-13
41622.00 ,2013-12-14
41623.00 ,2013-12-15
41624.00 ,2013-12-16
41625.00 ,2013-12-17
41626.00 ,2013-12-18
41627.00 ,2013-12-19
41628.00 ,2013-12-20
41629.00 ,2013-12-21
41630.00 ,2013-12-22
41631.00 ,2013-12-23
41632.00 ,2013-12-24
41633.00 ,2013-12-25
41634.00 ,2013-12-26
41635.00 ,2013-12-27
41636.00 ,2013-12-28
41637.00 ,2013-12-29
41638.00 ,2013-12-30
41639.00 ,2013-12-31
41640.00 ,2014-1-1
41641.00 ,2014-1-2
41642.00 ,2014-1-3
41643.00 ,2014-1-4
41644.00 ,2014-1-5
41645.00 ,2014-1-6
41646.00 ,2014-1-7
41647.00 ,2014-1-8
41648.00 ,2014-1-9
41649.00 ,2014-1-10
41650.00 ,2014-1-11
41651.00 ,2014-1-12
41652.00 ,2014-1-13
41653.00 ,2014-1-14
41654.00 ,2014-1-15
41655.00 ,2014-1-16
41656.00 ,2014-1-17
41657.00 ,2014-1-18
41658.00 ,2014-1-19
41659.00 ,2014-1-20
41660.00 ,2014-1-21
41661.00 ,2014-1-22
41662.00 ,2014-1-23
41663.00 ,2014-1-24
41664.00 ,2014-1-25
41665.00 ,2014-1-26
41666.00 ,2014-1-27
41667.00 ,2014-1-28
41668.00 ,2014-1-29
41669.00 ,2014-1-30
41670.00 ,2014-1-31
41671.00 ,2014-2-1
41672.00 ,2014-2-2
41673.00 ,2014-2-3
41674.00 ,2014-2-4
41675.00 ,2014-2-5
41676.00 ,2014-2-6
41677.00 ,2014-2-7
41678.00 ,2014-2-8
41679.00 ,2014-2-9
41680.00 ,2014-2-10
41681.00 ,2014-2-11
41682.00 ,2014-2-12
41683.00 ,2014-2-13
41684.00 ,2014-2-14
41685.00 ,2014-2-15
41686.00 ,2014-2-16
41687.00 ,2014-2-17
41688.00 ,2014-2-18
41689.00 ,2014-2-19
41690.00 ,2014-2-20
41691.00 ,2014-2-21
41692.00 ,2014-2-22
41693.00 ,2014-2-23
41694.00 ,2014-2-24
41695.00 ,2014-2-25
41696.00 ,2014-2-26
41697.00 ,2014-2-27
41698.00 ,2014-2-28
41699.00 ,2014-3-1
41700.00 ,2014-3-2
41701.00 ,2014-3-3
41702.00 ,2014-3-4
41703.00 ,2014-3-5
41704.00 ,2014-3-6
41705.00 ,2014-3-7
41706.00 ,2014-3-8
41707.00 ,2014-3-9
41708.00 ,2014-3-10
41709.00 ,2014-3-11
41710.00 ,2014-3-12
41711.00 ,2014-3-13
41712.00 ,2014-3-14
41713.00 ,2014-3-15
41714.00 ,2014-3-16
41715.00 ,2014-3-17
41716.00 ,2014-3-18
41717.00 ,2014-3-19
41718.00 ,2014-3-20
41719.00 ,2014-3-21
41720.00 ,2014-3-22
41721.00 ,2014-3-23
41722.00 ,2014-3-24
41723.00 ,2014-3-25
41724.00 ,2014-3-26
41725.00 ,2014-3-27
41726.00 ,2014-3-28
41727.00 ,2014-3-29
41728.00 ,2014-3-30
41729.00 ,2014-3-31
41730.00 ,2014-4-1
41731.00 ,2014-4-2
41732.00 ,2014-4-3
41733.00 ,2014-4-4
41734.00 ,2014-4-5
41735.00 ,2014-4-6
41736.00 ,2014-4-7
41737.00 ,2014-4-8
41738.00 ,2014-4-9
41739.00 ,2014-4-10
41740.00 ,2014-4-11
41741.00 ,2014-4-12
41742.00 ,2014-4-13
41743.00 ,2014-4-14
41744.00 ,2014-4-15
41745.00 ,2014-4-16
41746.00 ,2014-4-17
41747.00 ,2014-4-18
41748.00 ,2014-4-19
41749.00 ,2014-4-20
41750.00 ,2014-4-21
41751.00 ,2014-4-22
41752.00 ,2014-4-23
41753.00 ,2014-4-24
41754.00 ,2014-4-25
41755.00 ,2014-4-26
41756.00 ,2014-4-27
41757.00 ,2014-4-28
41758.00 ,2014-4-29
41759.00 ,2014-4-30
41760.00 ,2014-5-1
41761.00 ,2014-5-2
41762.00 ,2014-5-3
41763.00 ,2014-5-4
41764.00 ,2014-5-5
41765.00 ,2014-5-6
41766.00 ,2014-5-7
41767.00 ,2014-5-8
41768.00 ,2014-5-9
41769.00 ,2014-5-10
41770.00 ,2014-5-11
41771.00 ,2014-5-12
41772.00 ,2014-5-13
41773.00 ,2014-5-14
41774.00 ,2014-5-15
41775.00 ,2014-5-16
41776.00 ,2014-5-17
41777.00 ,2014-5-18
41778.00 ,2014-5-19
41779.00 ,2014-5-20
41780.00 ,2014-5-21
41781.00 ,2014-5-22
41782.00 ,2014-5-23
41783.00 ,2014-5-24
41784.00 ,2014-5-25
41785.00 ,2014-5-26
41786.00 ,2014-5-27
41787.00 ,2014-5-28
41788.00 ,2014-5-29
41789.00 ,2014-5-30
41790.00 ,2014-5-31
41791.00 ,2014-6-1
41792.00 ,2014-6-2
41793.00 ,2014-6-3
41794.00 ,2014-6-4
41795.00 ,2014-6-5
41796.00 ,2014-6-6
41797.00 ,2014-6-7
41798.00 ,2014-6-8
41799.00 ,2014-6-9
41800.00 ,2014-6-10
41801.00 ,2014-6-11
41802.00 ,2014-6-12
41803.00 ,2014-6-13
41804.00 ,2014-6-14
41805.00 ,2014-6-15
41806.00 ,2014-6-16
41807.00 ,2014-6-17
41808.00 ,2014-6-18
41809.00 ,2014-6-19
41810.00 ,2014-6-20
41811.00 ,2014-6-21
41812.00 ,2014-6-22
41813.00 ,2014-6-23
41814.00 ,2014-6-24
41815.00 ,2014-6-25
41816.00 ,2014-6-26
41817.00 ,2014-6-27
41818.00 ,2014-6-28
41819.00 ,2014-6-29
41820.00 ,2014-6-30
41821.00 ,2014-7-1
41822.00 ,2014-7-2
41823.00 ,2014-7-3
41824.00 ,2014-7-4
41825.00 ,2014-7-5
41826.00 ,2014-7-6
41827.00 ,2014-7-7
41828.00 ,2014-7-8
41829.00 ,2014-7-9
41830.00 ,2014-7-10
41831.00 ,2014-7-11
41832.00 ,2014-7-12
41833.00 ,2014-7-13
41834.00 ,2014-7-14
41835.00 ,2014-7-15
41836.00 ,2014-7-16
41837.00 ,2014-7-17
41838.00 ,2014-7-18
41839.00 ,2014-7-19
41840.00 ,2014-7-20
41841.00 ,2014-7-21
41842.00 ,2014-7-22
41843.00 ,2014-7-23
41844.00 ,2014-7-24
41845.00 ,2014-7-25
41846.00 ,2014-7-26
41847.00 ,2014-7-27
41848.00 ,2014-7-28
41849.00 ,2014-7-29
41850.00 ,2014-7-30
41851.00 ,2014-7-31
41852.00 ,2014-8-1
41853.00 ,2014-8-2
41854.00 ,2014-8-3
41855.00 ,2014-8-4
41856.00 ,2014-8-5
41857.00 ,2014-8-6
41858.00 ,2014-8-7
41859.00 ,2014-8-8
41860.00 ,2014-8-9
41861.00 ,2014-8-10
41862.00 ,2014-8-11
41863.00 ,2014-8-12
41864.00 ,2014-8-13
41865.00 ,2014-8-14
41866.00 ,2014-8-15
41867.00 ,2014-8-16
41868.00 ,2014-8-17
41869.00 ,2014-8-18
41870.00 ,2014-8-19
41871.00 ,2014-8-20
41872.00 ,2014-8-21
41873.00 ,2014-8-22
41874.00 ,2014-8-23
41875.00 ,2014-8-24
41876.00 ,2014-8-25
41877.00 ,2014-8-26
41878.00 ,2014-8-27
41879.00 ,2014-8-28
41880.00 ,2014-8-29
41881.00 ,2014-8-30
41882.00 ,2014-8-31
41883.00 ,2014-9-1
41884.00 ,2014-9-2
41885.00 ,2014-9-3
41886.00 ,2014-9-4
41887.00 ,2014-9-5
41888.00 ,2014-9-6
41889.00 ,2014-9-7
41890.00 ,2014-9-8
41891.00 ,2014-9-9
41892.00 ,2014-9-10
41893.00 ,2014-9-11
41894.00 ,2014-9-12
41895.00 ,2014-9-13
41896.00 ,2014-9-14
41897.00 ,2014-9-15
41898.00 ,2014-9-16
41899.00 ,2014-9-17
41900.00 ,2014-9-18
41901.00 ,2014-9-19
41902.00 ,2014-9-20
41903.00 ,2014-9-21
41904.00 ,2014-9-22
41905.00 ,2014-9-23
41906.00 ,2014-9-24
41907.00 ,2014-9-25
41908.00 ,2014-9-26
41909.00 ,2014-9-27
41910.00 ,2014-9-28
41911.00 ,2014-9-29
41912.00 ,2014-9-30
41913.00 ,2014-10-1
41914.00 ,2014-10-2
41915.00 ,2014-10-3
41916.00 ,2014-10-4
41917.00 ,2014-10-5
41918.00 ,2014-10-6
41919.00 ,2014-10-7
41920.00 ,2014-10-8
41921.00 ,2014-10-9
41922.00 ,2014-10-10
41923.00 ,2014-10-11
41924.00 ,2014-10-12
41925.00 ,2014-10-13
41926.00 ,2014-10-14
41927.00 ,2014-10-15
41928.00 ,2014-10-16
41929.00 ,2014-10-17
41930.00 ,2014-10-18
41931.00 ,2014-10-19
41932.00 ,2014-10-20
41933.00 ,2014-10-21
41934.00 ,2014-10-22
41935.00 ,2014-10-23
41936.00 ,2014-10-24
41937.00 ,2014-10-25
41938.00 ,2014-10-26
41939.00 ,2014-10-27
41940.00 ,2014-10-28
41941.00 ,2014-10-29
41942.00 ,2014-10-30
41943.00 ,2014-10-31
41944.00 ,2014-11-1
41945.00 ,2014-11-2
41946.00 ,2014-11-3
41947.00 ,2014-11-4
41948.00 ,2014-11-5
41949.00 ,2014-11-6
41950.00 ,2014-11-7
41951.00 ,2014-11-8
41952.00 ,2014-11-9
41953.00 ,2014-11-10
41954.00 ,2014-11-11
41955.00 ,2014-11-12
41956.00 ,2014-11-13
41957.00 ,2014-11-14
41958.00 ,2014-11-15
41959.00 ,2014-11-16
41960.00 ,2014-11-17
41961.00 ,2014-11-18
41962.00 ,2014-11-19
41963.00 ,2014-11-20
41964.00 ,2014-11-21
41965.00 ,2014-11-22
41966.00 ,2014-11-23
41967.00 ,2014-11-24
41968.00 ,2014-11-25
41969.00 ,2014-11-26
41970.00 ,2014-11-27
41971.00 ,2014-11-28
41972.00 ,2014-11-29
41973.00 ,2014-11-30
41974.00 ,2014-12-1
41975.00 ,2014-12-2
41976.00 ,2014-12-3
41977.00 ,2014-12-4
41978.00 ,2014-12-5
41979.00 ,2014-12-6
41980.00 ,2014-12-7
41981.00 ,2014-12-8
41982.00 ,2014-12-9
41983.00 ,2014-12-10
41984.00 ,2014-12-11
41985.00 ,2014-12-12
41986.00 ,2014-12-13
41987.00 ,2014-12-14
41988.00 ,2014-12-15
41989.00 ,2014-12-16
41990.00 ,2014-12-17
41991.00 ,2014-12-18
41992.00 ,2014-12-19
41993.00 ,2014-12-20
41994.00 ,2014-12-21
41995.00 ,2014-12-22
41996.00 ,2014-12-23
41997.00 ,2014-12-24
41998.00 ,2014-12-25
41999.00 ,2014-12-26
42000.00 ,2014-12-27
42001.00 ,2014-12-28
42002.00 ,2014-12-29
42003.00 ,2014-12-30
42004.00 ,2014-12-31
42005.00 ,2015-1-1
42006.00 ,2015-1-2
42007.00 ,2015-1-3
42008.00 ,2015-1-4
42009.00 ,2015-1-5
42010.00 ,2015-1-6
42011.00 ,2015-1-7
42012.00 ,2015-1-8
42013.00 ,2015-1-9
42014.00 ,2015-1-10
42015.00 ,2015-1-11
42016.00 ,2015-1-12
42017.00 ,2015-1-13
42018.00 ,2015-1-14
42019.00 ,2015-1-15
42020.00 ,2015-1-16
42021.00 ,2015-1-17
42022.00 ,2015-1-18
42023.00 ,2015-1-19
42024.00 ,2015-1-20
42025.00 ,2015-1-21
42026.00 ,2015-1-22
42027.00 ,2015-1-23
42028.00 ,2015-1-24
42029.00 ,2015-1-25
42030.00 ,2015-1-26
42031.00 ,2015-1-27
42032.00 ,2015-1-28
42033.00 ,2015-1-29
42034.00 ,2015-1-30
42035.00 ,2015-1-31
42036.00 ,2015-2-1
42037.00 ,2015-2-2
42038.00 ,2015-2-3
42039.00 ,2015-2-4
42040.00 ,2015-2-5
42041.00 ,2015-2-6
42042.00 ,2015-2-7
42043.00 ,2015-2-8
42044.00 ,2015-2-9
42045.00 ,2015-2-10
42046.00 ,2015-2-11
42047.00 ,2015-2-12
42048.00 ,2015-2-13
42049.00 ,2015-2-14
42050.00 ,2015-2-15
42051.00 ,2015-2-16
42052.00 ,2015-2-17
42053.00 ,2015-2-18
42054.00 ,2015-2-19
42055.00 ,2015-2-20
42056.00 ,2015-2-21
42057.00 ,2015-2-22
42058.00 ,2015-2-23
42059.00 ,2015-2-24
42060.00 ,2015-2-25
42061.00 ,2015-2-26
42062.00 ,2015-2-27
42063.00 ,2015-2-28
42064.00 ,2015-3-1
42065.00 ,2015-3-2
42066.00 ,2015-3-3
42067.00 ,2015-3-4
42068.00 ,2015-3-5
42069.00 ,2015-3-6
42070.00 ,2015-3-7
42071.00 ,2015-3-8
42072.00 ,2015-3-9
42073.00 ,2015-3-10
42074.00 ,2015-3-11
42075.00 ,2015-3-12
42076.00 ,2015-3-13
42077.00 ,2015-3-14
42078.00 ,2015-3-15
42079.00 ,2015-3-16
42080.00 ,2015-3-17
42081.00 ,2015-3-18
42082.00 ,2015-3-19
42083.00 ,2015-3-20
42084.00 ,2015-3-21
42085.00 ,2015-3-22
42086.00 ,2015-3-23
42087.00 ,2015-3-24
42088.00 ,2015-3-25
42089.00 ,2015-3-26
42090.00 ,2015-3-27
42091.00 ,2015-3-28
42092.00 ,2015-3-29
42093.00 ,2015-3-30
42094.00 ,2015-3-31
42095.00 ,2015-4-1
42096.00 ,2015-4-2
42097.00 ,2015-4-3
42098.00 ,2015-4-4
42099.00 ,2015-4-5
42100.00 ,2015-4-6
42101.00 ,2015-4-7
42102.00 ,2015-4-8
42103.00 ,2015-4-9
42104.00 ,2015-4-10
42105.00 ,2015-4-11
42106.00 ,2015-4-12
42107.00 ,2015-4-13
42108.00 ,2015-4-14
42109.00 ,2015-4-15
42110.00 ,2015-4-16
42111.00 ,2015-4-17
42112.00 ,2015-4-18
42113.00 ,2015-4-19
42114.00 ,2015-4-20
42115.00 ,2015-4-21
42116.00 ,2015-4-22
42117.00 ,2015-4-23
42118.00 ,2015-4-24
42119.00 ,2015-4-25
42120.00 ,2015-4-26
42121.00 ,2015-4-27
42122.00 ,2015-4-28
42123.00 ,2015-4-29
42124.00 ,2015-4-30
42125.00 ,2015-5-1
42126.00 ,2015-5-2
42127.00 ,2015-5-3
42128.00 ,2015-5-4
42129.00 ,2015-5-5
42130.00 ,2015-5-6
42131.00 ,2015-5-7
42132.00 ,2015-5-8
42133.00 ,2015-5-9
42134.00 ,2015-5-10
42135.00 ,2015-5-11
42136.00 ,2015-5-12
42137.00 ,2015-5-13
42138.00 ,2015-5-14
42139.00 ,2015-5-15
42140.00 ,2015-5-16
42141.00 ,2015-5-17
42142.00 ,2015-5-18
42143.00 ,2015-5-19
42144.00 ,2015-5-20
42145.00 ,2015-5-21
42146.00 ,2015-5-22
42147.00 ,2015-5-23
42148.00 ,2015-5-24
42149.00 ,2015-5-25
42150.00 ,2015-5-26
42151.00 ,2015-5-27
42152.00 ,2015-5-28
42153.00 ,2015-5-29
42154.00 ,2015-5-30
42155.00 ,2015-5-31
42156.00 ,2015-6-1
42157.00 ,2015-6-2
42158.00 ,2015-6-3
42159.00 ,2015-6-4
42160.00 ,2015-6-5
42161.00 ,2015-6-6
42162.00 ,2015-6-7
42163.00 ,2015-6-8
42164.00 ,2015-6-9
42165.00 ,2015-6-10
42166.00 ,2015-6-11
42167.00 ,2015-6-12
42168.00 ,2015-6-13
42169.00 ,2015-6-14
42170.00 ,2015-6-15
42171.00 ,2015-6-16
42172.00 ,2015-6-17
42173.00 ,2015-6-18
42174.00 ,2015-6-19
42175.00 ,2015-6-20
42176.00 ,2015-6-21
42177.00 ,2015-6-22
42178.00 ,2015-6-23
42179.00 ,2015-6-24
42180.00 ,2015-6-25
42181.00 ,2015-6-26
42182.00 ,2015-6-27
42183.00 ,2015-6-28
42184.00 ,2015-6-29
42185.00 ,2015-6-30
42186.00 ,2015-7-1
42187.00 ,2015-7-2
42188.00 ,2015-7-3
42189.00 ,2015-7-4
42190.00 ,2015-7-5
42191.00 ,2015-7-6
42192.00 ,2015-7-7
42193.00 ,2015-7-8
42194.00 ,2015-7-9
42195.00 ,2015-7-10
42196.00 ,2015-7-11
42197.00 ,2015-7-12
42198.00 ,2015-7-13
42199.00 ,2015-7-14
42200.00 ,2015-7-15
42201.00 ,2015-7-16
42202.00 ,2015-7-17
42203.00 ,2015-7-18
42204.00 ,2015-7-19
42205.00 ,2015-7-20
42206.00 ,2015-7-21
42207.00 ,2015-7-22
42208.00 ,2015-7-23
42209.00 ,2015-7-24
42210.00 ,2015-7-25
42211.00 ,2015-7-26
42212.00 ,2015-7-27
42213.00 ,2015-7-28
42214.00 ,2015-7-29
42215.00 ,2015-7-30
42216.00 ,2015-7-31
42217.00 ,2015-8-1
42218.00 ,2015-8-2
42219.00 ,2015-8-3
42220.00 ,2015-8-4
42221.00 ,2015-8-5
42222.00 ,2015-8-6
42223.00 ,2015-8-7
42224.00 ,2015-8-8
42225.00 ,2015-8-9
42226.00 ,2015-8-10
42227.00 ,2015-8-11
42228.00 ,2015-8-12
42229.00 ,2015-8-13
42230.00 ,2015-8-14
42231.00 ,2015-8-15
42232.00 ,2015-8-16
42233.00 ,2015-8-17
42234.00 ,2015-8-18
42235.00 ,2015-8-19
42236.00 ,2015-8-20
42237.00 ,2015-8-21
42238.00 ,2015-8-22
42239.00 ,2015-8-23
42240.00 ,2015-8-24
42241.00 ,2015-8-25
42242.00 ,2015-8-26
42243.00 ,2015-8-27
42244.00 ,2015-8-28
42245.00 ,2015-8-29
42246.00 ,2015-8-30
42247.00 ,2015-8-31
42248.00 ,2015-9-1
42249.00 ,2015-9-2
42250.00 ,2015-9-3
42251.00 ,2015-9-4
42252.00 ,2015-9-5
42253.00 ,2015-9-6
42254.00 ,2015-9-7
42255.00 ,2015-9-8
42256.00 ,2015-9-9
42257.00 ,2015-9-10
42258.00 ,2015-9-11
42259.00 ,2015-9-12
42260.00 ,2015-9-13
42261.00 ,2015-9-14
42262.00 ,2015-9-15
42263.00 ,2015-9-16
42264.00 ,2015-9-17
42265.00 ,2015-9-18
42266.00 ,2015-9-19
42267.00 ,2015-9-20
42268.00 ,2015-9-21
42269.00 ,2015-9-22
42270.00 ,2015-9-23
42271.00 ,2015-9-24
42272.00 ,2015-9-25
42273.00 ,2015-9-26
42274.00 ,2015-9-27
42275.00 ,2015-9-28
42276.00 ,2015-9-29
42277.00 ,2015-9-30
42278.00 ,2015-10-1
42279.00 ,2015-10-2
42280.00 ,2015-10-3
42281.00 ,2015-10-4
42282.00 ,2015-10-5
42283.00 ,2015-10-6
42284.00 ,2015-10-7
42285.00 ,2015-10-8
42286.00 ,2015-10-9
42287.00 ,2015-10-10
42288.00 ,2015-10-11
42289.00 ,2015-10-12
42290.00 ,2015-10-13
42291.00 ,2015-10-14
42292.00 ,2015-10-15
42293.00 ,2015-10-16
42294.00 ,2015-10-17
42295.00 ,2015-10-18
42296.00 ,2015-10-19
42297.00 ,2015-10-20
42298.00 ,2015-10-21
42299.00 ,2015-10-22
42300.00 ,2015-10-23
42301.00 ,2015-10-24
42302.00 ,2015-10-25
42303.00 ,2015-10-26
42304.00 ,2015-10-27
42305.00 ,2015-10-28
42306.00 ,2015-10-29
42307.00 ,2015-10-30
42308.00 ,2015-10-31
42309.00 ,2015-11-1
42310.00 ,2015-11-2
42311.00 ,2015-11-3
42312.00 ,2015-11-4
42313.00 ,2015-11-5
42314.00 ,2015-11-6
42315.00 ,2015-11-7
42316.00 ,2015-11-8
42317.00 ,2015-11-9
42318.00 ,2015-11-10
42319.00 ,2015-11-11
42320.00 ,2015-11-12
42321.00 ,2015-11-13
42322.00 ,2015-11-14
42323.00 ,2015-11-15
42324.00 ,2015-11-16
42325.00 ,2015-11-17
42326.00 ,2015-11-18
42327.00 ,2015-11-19
42328.00 ,2015-11-20
42329.00 ,2015-11-21
42330.00 ,2015-11-22
42331.00 ,2015-11-23
42332.00 ,2015-11-24
42333.00 ,2015-11-25
42334.00 ,2015-11-26
42335.00 ,2015-11-27
42336.00 ,2015-11-28
42337.00 ,2015-11-29
42338.00 ,2015-11-30
42339.00 ,2015-12-1
42340.00 ,2015-12-2
42341.00 ,2015-12-3
42342.00 ,2015-12-4
42343.00 ,2015-12-5
42344.00 ,2015-12-6
42345.00 ,2015-12-7
42346.00 ,2015-12-8
42347.00 ,2015-12-9
42348.00 ,2015-12-10
42349.00 ,2015-12-11
42350.00 ,2015-12-12
42351.00 ,2015-12-13
42352.00 ,2015-12-14
42353.00 ,2015-12-15
42354.00 ,2015-12-16
42355.00 ,2015-12-17
42356.00 ,2015-12-18
42357.00 ,2015-12-19
42358.00 ,2015-12-20
42359.00 ,2015-12-21
42360.00 ,2015-12-22
42361.00 ,2015-12-23
42362.00 ,2015-12-24
42363.00 ,2015-12-25
42364.00 ,2015-12-26
42365.00 ,2015-12-27
42366.00 ,2015-12-28
42367.00 ,2015-12-29
42368.00 ,2015-12-30
42369.00 ,2015-12-31
42370.00 ,2016-1-1
42371.00 ,2016-1-2
42372.00 ,2016-1-3
42373.00 ,2016-1-4
42374.00 ,2016-1-5
42375.00 ,2016-1-6
42376.00 ,2016-1-7
42377.00 ,2016-1-8
42378.00 ,2016-1-9
42379.00 ,2016-1-10
42380.00 ,2016-1-11
42381.00 ,2016-1-12
42382.00 ,2016-1-13
42383.00 ,2016-1-14
42384.00 ,2016-1-15
42385.00 ,2016-1-16
42386.00 ,2016-1-17
42387.00 ,2016-1-18
42388.00 ,2016-1-19
42389.00 ,2016-1-20
42390.00 ,2016-1-21
42391.00 ,2016-1-22
42392.00 ,2016-1-23
42393.00 ,2016-1-24
42394.00 ,2016-1-25
42395.00 ,2016-1-26
42396.00 ,2016-1-27
42397.00 ,2016-1-28
42398.00 ,2016-1-29
42399.00 ,2016-1-30
42400.00 ,2016-1-31
42401.00 ,2016-2-1
42402.00 ,2016-2-2
42403.00 ,2016-2-3
42404.00 ,2016-2-4
42405.00 ,2016-2-5
42406.00 ,2016-2-6
42407.00 ,2016-2-7
42408.00 ,2016-2-8
42409.00 ,2016-2-9
42410.00 ,2016-2-10
42411.00 ,2016-2-11
42412.00 ,2016-2-12
42413.00 ,2016-2-13
42414.00 ,2016-2-14
42415.00 ,2016-2-15
42416.00 ,2016-2-16
42417.00 ,2016-2-17
42418.00 ,2016-2-18
42419.00 ,2016-2-19
42420.00 ,2016-2-20
42421.00 ,2016-2-21
42422.00 ,2016-2-22
42423.00 ,2016-2-23
42424.00 ,2016-2-24
42425.00 ,2016-2-25
42426.00 ,2016-2-26
42427.00 ,2016-2-27
42428.00 ,2016-2-28
42429.00 ,2016-2-29
42430.00 ,2016-3-1
42431.00 ,2016-3-2
42432.00 ,2016-3-3
42433.00 ,2016-3-4
42434.00 ,2016-3-5
42435.00 ,2016-3-6
42436.00 ,2016-3-7
42437.00 ,2016-3-8
42438.00 ,2016-3-9
42439.00 ,2016-3-10
42440.00 ,2016-3-11
42441.00 ,2016-3-12
42442.00 ,2016-3-13
42443.00 ,2016-3-14
42444.00 ,2016-3-15
42445.00 ,2016-3-16
42446.00 ,2016-3-17
42447.00 ,2016-3-18
42448.00 ,2016-3-19
42449.00 ,2016-3-20
42450.00 ,2016-3-21
42451.00 ,2016-3-22
42452.00 ,2016-3-23
42453.00 ,2016-3-24
42454.00 ,2016-3-25
42455.00 ,2016-3-26
42456.00 ,2016-3-27
42457.00 ,2016-3-28
42458.00 ,2016-3-29
42459.00 ,2016-3-30
42460.00 ,2016-3-31
42461.00 ,2016-4-1
42462.00 ,2016-4-2
42463.00 ,2016-4-3
42464.00 ,2016-4-4
42465.00 ,2016-4-5
42466.00 ,2016-4-6
42467.00 ,2016-4-7
42468.00 ,2016-4-8
42469.00 ,2016-4-9
42470.00 ,2016-4-10
42471.00 ,2016-4-11
42472.00 ,2016-4-12
42473.00 ,2016-4-13
42474.00 ,2016-4-14
42475.00 ,2016-4-15
42476.00 ,2016-4-16
42477.00 ,2016-4-17
42478.00 ,2016-4-18
42479.00 ,2016-4-19
42480.00 ,2016-4-20
42481.00 ,2016-4-21
42482.00 ,2016-4-22
42483.00 ,2016-4-23
42484.00 ,2016-4-24
42485.00 ,2016-4-25
42486.00 ,2016-4-26
42487.00 ,2016-4-27
42488.00 ,2016-4-28
42489.00 ,2016-4-29
42490.00 ,2016-4-30
42491.00 ,2016-5-1
42492.00 ,2016-5-2
42493.00 ,2016-5-3
42494.00 ,2016-5-4
42495.00 ,2016-5-5
42496.00 ,2016-5-6
42497.00 ,2016-5-7
42498.00 ,2016-5-8
42499.00 ,2016-5-9
42500.00 ,2016-5-10
42501.00 ,2016-5-11
42502.00 ,2016-5-12
42503.00 ,2016-5-13
42504.00 ,2016-5-14
42505.00 ,2016-5-15
42506.00 ,2016-5-16
42507.00 ,2016-5-17
42508.00 ,2016-5-18
42509.00 ,2016-5-19
42510.00 ,2016-5-20
42511.00 ,2016-5-21
42512.00 ,2016-5-22
42513.00 ,2016-5-23
42514.00 ,2016-5-24
42515.00 ,2016-5-25
42516.00 ,2016-5-26
42517.00 ,2016-5-27
42518.00 ,2016-5-28
42519.00 ,2016-5-29
42520.00 ,2016-5-30
42521.00 ,2016-5-31
42522.00 ,2016-6-1
42523.00 ,2016-6-2
42524.00 ,2016-6-3
42525.00 ,2016-6-4
42526.00 ,2016-6-5
42527.00 ,2016-6-6
42528.00 ,2016-6-7
42529.00 ,2016-6-8
42530.00 ,2016-6-9
42531.00 ,2016-6-10
42532.00 ,2016-6-11
42533.00 ,2016-6-12
42534.00 ,2016-6-13
42535.00 ,2016-6-14
42536.00 ,2016-6-15
42537.00 ,2016-6-16
42538.00 ,2016-6-17
42539.00 ,2016-6-18
42540.00 ,2016-6-19
42541.00 ,2016-6-20
42542.00 ,2016-6-21
42543.00 ,2016-6-22
42544.00 ,2016-6-23
42545.00 ,2016-6-24
42546.00 ,2016-6-25
42547.00 ,2016-6-26
42548.00 ,2016-6-27
42549.00 ,2016-6-28
42550.00 ,2016-6-29
42551.00 ,2016-6-30
42552.00 ,2016-7-1
42553.00 ,2016-7-2
42554.00 ,2016-7-3
42555.00 ,2016-7-4
42556.00 ,2016-7-5
42557.00 ,2016-7-6
42558.00 ,2016-7-7
42559.00 ,2016-7-8
42560.00 ,2016-7-9
42561.00 ,2016-7-10
42562.00 ,2016-7-11
42563.00 ,2016-7-12
42564.00 ,2016-7-13
42565.00 ,2016-7-14
42566.00 ,2016-7-15
42567.00 ,2016-7-16
42568.00 ,2016-7-17
42569.00 ,2016-7-18
42570.00 ,2016-7-19
42571.00 ,2016-7-20
42572.00 ,2016-7-21
42573.00 ,2016-7-22
42574.00 ,2016-7-23
42575.00 ,2016-7-24
42576.00 ,2016-7-25
42577.00 ,2016-7-26
42578.00 ,2016-7-27
42579.00 ,2016-7-28
42580.00 ,2016-7-29
42581.00 ,2016-7-30
42582.00 ,2016-7-31
42583.00 ,2016-8-1
42584.00 ,2016-8-2
42585.00 ,2016-8-3
42586.00 ,2016-8-4
42587.00 ,2016-8-5
42588.00 ,2016-8-6
42589.00 ,2016-8-7
42590.00 ,2016-8-8
42591.00 ,2016-8-9
42592.00 ,2016-8-10
42593.00 ,2016-8-11
42594.00 ,2016-8-12
42595.00 ,2016-8-13
42596.00 ,2016-8-14
42597.00 ,2016-8-15
42598.00 ,2016-8-16
42599.00 ,2016-8-17
42600.00 ,2016-8-18
42601.00 ,2016-8-19
42602.00 ,2016-8-20
42603.00 ,2016-8-21
42604.00 ,2016-8-22
42605.00 ,2016-8-23
42606.00 ,2016-8-24
42607.00 ,2016-8-25
42608.00 ,2016-8-26
42609.00 ,2016-8-27
42610.00 ,2016-8-28
42611.00 ,2016-8-29
42612.00 ,2016-8-30
42613.00 ,2016-8-31
42614.00 ,2016-9-1
42615.00 ,2016-9-2
42616.00 ,2016-9-3
42617.00 ,2016-9-4
42618.00 ,2016-9-5
42619.00 ,2016-9-6
42620.00 ,2016-9-7
42621.00 ,2016-9-8
42622.00 ,2016-9-9
42623.00 ,2016-9-10
42624.00 ,2016-9-11
42625.00 ,2016-9-12
42626.00 ,2016-9-13
42627.00 ,2016-9-14
42628.00 ,2016-9-15
42629.00 ,2016-9-16
42630.00 ,2016-9-17
42631.00 ,2016-9-18
42632.00 ,2016-9-19
42633.00 ,2016-9-20
42634.00 ,2016-9-21
42635.00 ,2016-9-22
42636.00 ,2016-9-23
42637.00 ,2016-9-24
42638.00 ,2016-9-25
42639.00 ,2016-9-26
42640.00 ,2016-9-27
42641.00 ,2016-9-28
42642.00 ,2016-9-29
42643.00 ,2016-9-30
42644.00 ,2016-10-1
42645.00 ,2016-10-2
42646.00 ,2016-10-3
42647.00 ,2016-10-4
42648.00 ,2016-10-5
42649.00 ,2016-10-6
42650.00 ,2016-10-7
42651.00 ,2016-10-8
42652.00 ,2016-10-9
42653.00 ,2016-10-10
42654.00 ,2016-10-11
42655.00 ,2016-10-12
42656.00 ,2016-10-13
42657.00 ,2016-10-14
42658.00 ,2016-10-15
42659.00 ,2016-10-16
42660.00 ,2016-10-17
42661.00 ,2016-10-18
42662.00 ,2016-10-19
42663.00 ,2016-10-20
42664.00 ,2016-10-21
42665.00 ,2016-10-22
42666.00 ,2016-10-23
42667.00 ,2016-10-24
42668.00 ,2016-10-25
42669.00 ,2016-10-26
42670.00 ,2016-10-27
42671.00 ,2016-10-28
42672.00 ,2016-10-29
42673.00 ,2016-10-30
42674.00 ,2016-10-31
42675.00 ,2016-11-1
42676.00 ,2016-11-2
42677.00 ,2016-11-3
42678.00 ,2016-11-4
42679.00 ,2016-11-5
42680.00 ,2016-11-6
42681.00 ,2016-11-7
42682.00 ,2016-11-8
42683.00 ,2016-11-9
42684.00 ,2016-11-10
42685.00 ,2016-11-11
42686.00 ,2016-11-12
42687.00 ,2016-11-13
42688.00 ,2016-11-14
42689.00 ,2016-11-15
42690.00 ,2016-11-16
42691.00 ,2016-11-17
42692.00 ,2016-11-18
42693.00 ,2016-11-19
42694.00 ,2016-11-20
42695.00 ,2016-11-21
42696.00 ,2016-11-22
42697.00 ,2016-11-23
42698.00 ,2016-11-24
42699.00 ,2016-11-25
42700.00 ,2016-11-26
42701.00 ,2016-11-27
42702.00 ,2016-11-28
42703.00 ,2016-11-29
42704.00 ,2016-11-30
42705.00 ,2016-12-1
42706.00 ,2016-12-2
42707.00 ,2016-12-3
42708.00 ,2016-12-4
42709.00 ,2016-12-5
42710.00 ,2016-12-6
42711.00 ,2016-12-7
42712.00 ,2016-12-8
42713.00 ,2016-12-9
42714.00 ,2016-12-10
42715.00 ,2016-12-11
42716.00 ,2016-12-12
42717.00 ,2016-12-13
42718.00 ,2016-12-14
42719.00 ,2016-12-15
42720.00 ,2016-12-16
42721.00 ,2016-12-17
42722.00 ,2016-12-18
42723.00 ,2016-12-19
42724.00 ,2016-12-20
42725.00 ,2016-12-21
42726.00 ,2016-12-22
42727.00 ,2016-12-23
42728.00 ,2016-12-24
42729.00 ,2016-12-25
42730.00 ,2016-12-26
42731.00 ,2016-12-27
42732.00 ,2016-12-28
42733.00 ,2016-12-29
42734.00 ,2016-12-30
42735.00 ,2016-12-31
42736.00 ,2017-1-1
42737.00 ,2017-1-2
42738.00 ,2017-1-3
42739.00 ,2017-1-4
42740.00 ,2017-1-5
42741.00 ,2017-1-6
42742.00 ,2017-1-7
42743.00 ,2017-1-8
42744.00 ,2017-1-9
42745.00 ,2017-1-10
42746.00 ,2017-1-11
42747.00 ,2017-1-12
42748.00 ,2017-1-13
42749.00 ,2017-1-14
42750.00 ,2017-1-15
42751.00 ,2017-1-16
42752.00 ,2017-1-17
42753.00 ,2017-1-18
42754.00 ,2017-1-19
42755.00 ,2017-1-20
42756.00 ,2017-1-21
42757.00 ,2017-1-22
42758.00 ,2017-1-23
42759.00 ,2017-1-24
42760.00 ,2017-1-25
42761.00 ,2017-1-26
42762.00 ,2017-1-27
42763.00 ,2017-1-28
42764.00 ,2017-1-29
42765.00 ,2017-1-30
42766.00 ,2017-1-31
42767.00 ,2017-2-1
42768.00 ,2017-2-2
42769.00 ,2017-2-3
42770.00 ,2017-2-4
42771.00 ,2017-2-5
42772.00 ,2017-2-6
42773.00 ,2017-2-7
42774.00 ,2017-2-8
42775.00 ,2017-2-9
42776.00 ,2017-2-10
42777.00 ,2017-2-11
