id,prix
3600072,558596.89
6200017,213747.72
7600136,433273.27
11200400,508944.685
11500890,824875.625
11501310,802559.07
11510310,820605.025
11510700,733426.94
13001795,345153.94
16000015,199404.175
23500190,576133.7
23520190,468069.065
34001304,566316.615
34001540,560026.5
40000228,179769.09
40000362,134817.0
42000006,262214.66
42000127,276212.65
46100204,943117.64
46100504,1008801.125
49500090,336492.0
59000201,784722.62
59000250,688329.175
66000140,479598.775
66000265,357946.4
84000335,254573.15
87000213,263435.395
91000320,453627.415
98000750,1029635.875
98020300,780377.915
98020310,751345.875
98020480,878962.59
98030160,796215.01
98300230,910573.185
100100050,320338.51
100300280,292412.255
100300500,296109.5
100300530,294048.0
104510230,236362.77
104550540,252450.5
106000044,444829.515
109200390,222717.7
110000040,267211.24
114100131,550625.5
114100304,536113.005
114101540,399638.25
114700150,239756.84
120059044,310987.28
121059007,256904.32
123039147,410425.405
123039207,357556.355
123039346,314891.455
123039424,259943.61
123039626,291916.47
123059127,642162.635
126039213,316706.77
126039252,382982.455
126039256,343185.27
126039413,526798.75
126039467,680603.775
126039599,438748.745
126049217,366362.95
126059018,467781.325
126059021,327968.315
128500260,278861.245
133000070,191176.725
133000135,343847.575
133000271,380104.49
136000220,673847.0
148000375,883437.68
148000440,401447.86
148000590,676306.975
151000075,715207.34
170000215,865530.5
179000505,260633.93
179001046,227669.0
179001425,249280.345
182000350,316626.41
191100235,904805.5
191100250,746781.15
191100410,831081.0
191100672,926977.4
194000145,688709.015
194000505,584013.755
200500700,524876.385
200520080,577069.5
200800200,547794.05
203101065,412358.17
203600140,532019.545
203600590,711804.59
203900380,380608.0
203900920,357650.6
205000120,649313.35
205000410,605238.8
205000450,624921.3
216500040,363621.04
223039254,333011.53
224069084,538110.45
224069129,536769.875
225039069,716040.0
225039082,832872.9
225039145,512418.1
225039175,714584.02
225039177,709583.315
225069013,646884.44
225069017,644226.965
226039075,775343.05
226039214,415209.455
226059103,458872.0
236500050,311413.8
239000155,525526.79
240000130,537205.25
241900020,363566.03
241900160,367723.84
251300260,313664.73
251500080,1034331.225
252000400,338082.93
253600150,398790.73
254000100,609179.85
254000695,394352.68
254000735,349725.63
255000270,420274.75
255370420,328400.605
255400060,877260.495
255450040,379092.9148333334
255450410,329959.0633333333
255550190,347574.145
257000057,221403.895
258500059,706523.0
259600330,475776.04
259600530,521537.23
259900160,635276.55
263000253,401118.875
263000324,659668.535
263000327,394962.8
269000070,800551.415
269000221,847037.895
269000615,706712.275
272000125,397503.44
272000620,338475.59
273800100,250663.71
280610020,815443.115
291310150,373037.4
291310340,527608.94
291310610,369084.785
293000036,467001.7
293000145,393412.45
293070010,836728.945
293070120,884637.655
293610040,623311.0
293620220,870782.06
293720180,427577.125
293760150,910557.68
293800120,728678.15
293800680,935157.25
293910030,666251.375
301400320,242196.695
301400830,258674.52
301400850,246612.375
301400940,258756.675
301401410,297174.74
302000065,187320.745
302000375,206288.635
304100010,252266.5
305000310,681449.675
316000190,248773.56
321059091,303151.38
322059049,221696.905
322059095,286043.79
322069180,611458.75
323049176,334740.5
323089134,288057.35
323089173,405683.845
324069015,730339.155
324069058,542177.645
325059086,761371.8
325059131,493182.885
326069104,850814.33
339350150,801165.34
339600090,417646.395
345700040,286339.645
345700180,269475.82
345700340,267989.12
372000040,295573.115
375000230,547725.25
405100295,362244.7
408100050,304842.89
411100020,329159.21
414100630,351260.525
421000285,280108.725
421049116,204027.78
421049254,198758.155
421059018,304363.32
421079105,350994.875
422069067,457480.56
423049067,240162.535
423059360,408463.8
423059387,622887.265
424049043,679120.3
424069010,633542.995
424069018,805350.345
424069088,512134.35
424069206,769573.01
424069279,962063.11
425049181,415508.99
425059103,532848.91
425069102,881582.885
425069104,641694.25
425079100,461594.95
426069095,513118.635
427000065,645140.365
430000175,551750.49
438000015,698173.585
442000175,495709.85
446000010,624550.01
452001890,696324.395
458000235,548694.175
461002050,436980.23
461003251,461834.72
461004195,431140.5
472000055,610249.16
475000004,437147.19
475000080,560951.93
475000605,859378.75
475001295,659776.525
476000017,483466.665
480000170,631093.995
486000520,883430.585
486000565,927254.885
486000597,930835.665
492000475,241367.95
510000641,652042.02
510002506,449332.02
510002519,448976.47
510002995,672860.725
510003230,604261.75
514500235,524908.65
518500210,696347.315
518500480,911784.27
518500610,686273.475
521079025,587904.595
522039103,330905.76
522049122,270249.13
522069111,519331.0
522079022,511241.5
524059063,999581.345
524059093,699746.5
524069011,668864.765
524069075,579987.535
524069115,841946.27
525049085,580120.65
526059183,427319.37
534000080,347786.86
537000075,280790.255
537000445,230883.35
538000390,322631.625
546000245,513273.875
546000910,628839.425
546001060,700810.825
558100090,550666.425
565300110,508187.85
567000025,710802.58
567000408,466363.26
579000096,648847.065
579000595,610758.03
579003240,695628.405
579003645,703046.225
582000065,794661.02
582000185,616134.975
586000020,972528.74
587550340,607620.39
603000150,323585.275
617000089,200264.555
621069057,498085.47
622059019,284069.215
622100074,707899.375
623049093,185572.015
624111000,856221.615
625049359,437018.05
625069064,740634.505
626049058,460138.9
626059155,339724.055
627300145,927233.525
629400340,849001.465
629420080,736171.97
629420260,729864.765
629420480,762897.845
629800520,1054111.97
629810560,879525.68
641900050,401734.745
642800130,762762.71
643000110,253905.855
643300010,495568.075
643400130,473705.235
644000040,984740.645
644200065,804098.25
644210020,778157.62
646910560,257051.72
669000210,881189.555
686200510,589162.775
686200740,540495.665
686400060,552780.545
686400670,566534.025
686450080,651028.0
686550040,951010.44
705700240,339433.93625
705700960,309172.595
711000070,718986.02
713500030,997637.9
717000225,302546.13
720079001,514598.98
721069087,642306.14
722039049,680170.4
722039087,281911.75
722079015,441442.39
722079104,350000.85
723000226,891904.085
723049274,295427.29
723049301,270079.2
723069013,322531.915
723069135,416663.17
723099065,398250.675
726049184,277459.08
726049217,383803.855
726059344,437792.84
726059485,438722.0
732000160,270237.25
739980360,285024.515
740500010,269203.765
741500010,262904.875
745530180,837531.035
764000180,241603.76
765000060,391266.68
774101755,540643.5
782700150,408370.62
789000550,409464.41
795000820,194285.115
795002375,221453.135
797000258,381017.6
797000276,280788.1
798000337,285632.59
798000342,329725.2
806000020,249022.815
806800400,313497.56
806800420,290017.985
807800020,306381.175
808300310,421988.49
809001520,906203.825
809002390,777690.5
809002435,735570.995
809002705,581060.29
809003160,572150.99
811000055,1000209.74
820079101,390932.38
821049123,424524.69
822039084,597596.055
822059038,337421.735
822059059,192411.985
822069066,363686.045
824059293,787868.13
824069188,637750.15
825059271,787970.485
825079024,758827.675
826069002,368993.73
826069016,631019.475
829000160,362258.97
844000425,212246.715
847100021,529772.755
853200040,960906.365
853400240,679151.975
853600150,1014178.5
853600310,996650.0
855700170,559406.075
859000110,197630.12
866400040,516076.025
868000175,617000.34
868000305,396527.18
868000575,719794.465
868001435,985372.82
868002080,763255.625
871000065,407075.94
871001085,701902.915
880000005,275993.25
880000189,261294.0
880000208,314344.1
886000015,314681.42
889000025,630335.0
898000220,229086.42
904000045,717042.835
908000010,389972.575
913000340,352685.17
920069053,236853.38
921049141,634102.96
921059132,347669.68
921059200,227309.325
922069169,526569.0
923000095,499341.215
923000115,561397.485
923000280,676254.84
923000425,837836.915
923049203,381375.085
923049468,196156.95
923059206,321601.625
924059233,698851.68
925049318,559265.735
925059078,598758.105
925069100,818684.795
925069123,593264.45
926069009,573649.71
926069142,696106.375
926069192,865838.535
930000415,713507.3
936000060,365606.48
937000220,228183.09
937000330,219224.455
952000310,495142.135
952000925,424934.115
952001710,512921.265
952002250,415538.065
952003585,865968.365
952005000,578085.93
952006823,387417.42
952007055,407673.335
955000060,684855.0
968000120,360210.81
982850010,367791.415
984000710,275261.38
984100450,294117.205
984200540,312932.52
984210590,328832.475
984220290,300428.72
984220370,316984.265
985000900,234312.98
993000136,448267.1
993000307,377974.5
993001961,377143.93
993002177,450292.84
1003600056,243529.485
1020069042,675388.99
1021079099,349128.37
1023059223,308905.4
1023059324,274582.01
1023059465,508746.77
1023089228,327723.375
1024000050,780745.105
1024000100,716728.365
1024049006,832035.63
1024069009,663326.685
1024069205,932519.775
1024069215,954209.59
1025039320,991778.115
1025049115,580803.55
1025059186,488455.42
1025069192,905448.94
1026049036,297733.11
1026069155,509385.285
1032000079,378900.41
1035000007,312033.625
1036000280,696916.73
1036400110,566775.515
1036400200,559002.7
1036450170,710090.35
1036700220,700202.07
1041440050,373533.205
1042700290,842792.305
1049000060,408572.365
1066100260,626935.3
1066600090,495459.7
1068000110,849977.345
1070000390,1016195.795
1072000260,369307.54
1072010510,410519.0
1073100030,344465.95
1074100020,347260.56
1074100110,375315.595
1075100050,359559.875
1075100090,383133.195
1077100035,339798.035
1077100070,401605.985
1081200350,322721.125
1081300390,358595.03
1084000107,965736.65
1085610030,757001.31
1085623710,391133.46
1085623740,426860.02
1086100100,449495.155
1088800060,543508.5
1090000005,427056.155
1099600010,199098.685
1099600090,206824.325
1099600250,218349.06
1102000527,1015796.995
1102001055,455710.45
1105000402,765778.75
1109000175,428136.54
1115300270,730475.095
1117200170,803184.465
1118000301,1018711.455
1118001370,939693.66
1118001631,946800.225
1121039105,339827.065
1124000010,424553.0
1125069102,799765.23
1125079111,924903.72
1126049095,472608.0
1126049103,411552.0
1126059091,514745.0
1126059095,510660.105
1133000036,405870.125
1133000235,616953.775
1133000694,428127.75
1136100072,476261.245
1137300690,694196.0
1137300890,630506.875
1137301780,595662.145
1137800230,469425.68
1138000250,345841.395
1138000830,450489.18
1138010180,450231.985
1138010220,361253.075
1138010530,401076.35
1139000069,299764.04
1139000215,411047.195
1148000190,212214.23
1149600120,682210.89
1150001270,629143.705
1150900060,847940.435
1152700220,424465.195
1155620190,399309.645
1164000040,225589.59
1180000830,525664.485
1180002745,314310.615
1180005050,346449.15
1180007005,224067.28
1180008370,438305.53
1186000035,722437.93
1189000030,786776.645
1189000492,479825.095
1189000645,676683.19
1189000910,541664.625
1193000115,533130.545
1193000380,898730.595
1193000450,808564.105
1193000480,876848.745
1211000185,456707.48
1214000050,312486.695
1220000100,199103.415
1221000395,171702.875
1221000562,322580.985
1222029077,415023.35
1222069089,248592.86
1223039173,391774.67
1223049150,282837.385
1223089077,579954.45
1223089083,703612.48
1224049095,976743.27
1226039124,438029.0
1226039130,449513.67
1231000520,529534.03
1231000660,484338.0
1231001090,321182.965
1231001225,346998.31
1233100321,804707.365
1233100351,441138.865
1233100601,410084.25
1235100371,835375.605
1236300290,968581.645
1237500540,453569.63
1238500281,500822.035
1238500451,401720.27
1238501116,543962.35
1239400570,825549.22
1241500350,619390.205
1245000438,720824.435
1245000461,934477.2
1245000500,667278.61
1245001295,688821.11
1245001751,511526.65
1245001820,725216.75
1245003160,720878.54
1245003740,624195.465
1246700251,943196.05
1250200418,372207.875
1250201175,394371.315
1250201610,912839.015
1250202255,496523.95
1250202285,823513.715
1250202660,739672.325
1250203335,860194.01
1250203860,635490.17
1251200055,944156.64
1254200835,570679.675
1254201106,536040.025
1257200060,615782.26
1257200115,716818.06
1257201420,952241.865
1274500170,213078.285
1274500240,205663.2
1277000240,778800.135
1279300085,730722.73
1282300995,383211.53
1283800110,776955.585
1300300730,640931.305
1300301840,918100.4
1310700210,293401.14
1310900260,319762.715
1310910290,325886.99
1310930100,516684.77
1310970380,303686.365
1310980070,305034.18
1311030430,982783.74
1311800040,268265.05
1312900180,215236.765
1313300340,499966.125
1315300095,804274.35
1321720160,607208.0
1323089056,388117.26
1323089184,402981.28
1324300091,409406.32
1324300126,464091.165
1328300040,355212.95
1328300810,351119.27
1328310440,348287.66
1328330190,336086.765
1328330780,238807.825
1329500120,339221.74
1330250010,289940.52
1330300451,897981.1
1330900050,532312.485
1330900250,551550.975
1330910280,846255.175
1331900020,842830.75
1332000100,763836.63
1332700020,304118.5
1332700270,315489.75
1336300610,889320.705
1336800065,972385.52
1337300145,966455.22
1337800855,851713.26
1338800491,850667.39
1346300150,986785.915
1352300990,184750.55
1355200060,910750.96
1357300240,359576.635
1370800935,853213.57
1370801020,971148.41
1370801465,815712.765
1370801800,858001.845
1370802115,1010176.77
1370802620,685803.415
1370803180,974712.45
1370803460,929542.5
1370803820,634638.05
1376800115,585651.955
1377300135,528760.22
1383500070,536723.88
1388600110,227010.33
1393800005,364692.17
1400700150,810306.795
1402000210,450223.185
1402200070,414118.35
1402600570,310962.85
1402600700,383343.245
1402660150,381635.0
1402950190,313589.075
1402950450,303814.195
1402970020,413441.135
1421069208,466813.285
1422200090,503068.52
1423069095,589052.74
1423089134,438165.53
1424059154,947243.88
1424069044,372201.665
1424069056,952425.16
1425059174,474958.085
1425059193,951164.71
1426300842,523314.755
1427300120,453072.61
1428001160,614545.95
1430800100,312752.015
1430800191,246604.325
1432400065,218082.17
1432400095,237850.25
1432700420,268490.23
1432700880,217351.64
1432900030,267729.535
1432900240,307120.95
1433290010,440088.69
1433500050,651187.88
1437500015,213407.75
1437500035,203025.44
1437580480,954707.05
1438000190,538381.655
1438000360,501871.425
1438000430,475525.75
1438000440,506959.13
1440500020,343593.54
1441000350,454556.335
1441800250,473667.13
1442740140,390374.05
1442860160,387128.05
1442870040,484636.885
1442870050,497640.76
1442870420,496382.535
1442880610,514326.125
1443500395,296321.995
1443550080,527612.625
1445200190,262650.375
1446110020,489312.045
1446300020,541105.675
1446400564,231824.93
1446401190,178725.535
1446800181,250088.85
1446801000,336698.94
1447600285,220194.075
1449000270,621917.8
1453600182,290986.29
1453602065,362245.37
1453602310,310570.25
1453602313,309112.75
1454100127,569408.575
1454100480,319768.2
1454100650,684661.625
1454600156,744299.075
1454600256,572186.275
1455600015,506463.72
1455600045,548699.0
1463400047,342643.025
1463400081,280783.14
1465400120,516693.985
1471620240,334667.5
1471630350,349629.28
1471701200,462417.995
1472700200,600408.075
1472800160,539046.5
1473120140,415338.75
1473120390,431087.085
1473120730,444775.875
1473200150,327707.54
1492800296,556978.47
1493300057,492725.75
1494300060,522918.92
1498301168,340852.445
1498302783,433799.25
1498303700,764830.72
1513800080,662813.435
1513800170,418540.415
1518000070,337930.185
1520069052,317031.25
1522039105,668625.1
1523049083,211938.8
1523059201,521225.54
1523069086,326438.72
1523069204,459212.58
1523089266,465098.69
1523300141,334646.93
1523550480,571122.505
1524059027,406281.94
1524079156,376135.005
1525039057,559670.46
1525059261,1032189.95
1526059051,469607.59
1529300135,362010.625
1545800730,233456.79
1545801410,258305.59
1545801630,245800.255
1545802830,266551.115
1545803890,252593.725
1545804340,270947.4
1545804460,258180.5
1545805460,246013.5
1545805730,259589.305
1545806720,278721.23
1546600565,758261.295
1552100135,906497.89
1552800010,338592.365
1555200180,233928.42
1555300530,198977.5
1556200205,559543.245
1556200265,719270.085
1558500050,572332.225
1560920040,508632.745
1560920450,757134.165
1561600056,1008905.035
1561750040,1006825.775
1562000050,638806.09
1562100380,561969.875
1563102685,883147.58
1565600130,295541.415
1565950090,390996.46
1566100625,512612.55
1568100060,335517.015
1588600045,449024.495
1591600044,460090.045
1591600527,365488.5
1592000250,587760.015
1592000260,600816.94
1592000680,594459.455
1593000690,340725.145
1598600320,292362.06
1601600167,347041.27
1604600095,417384.51
1604600227,356968.485
1604600790,347794.265
1604601155,323700.74
1604601225,468817.575
1604601572,305495.275
1612500090,192240.625
1621069045,719636.76
1622049242,566183.43
1623049145,201040.975
1623049214,297062.255
1623300765,505402.26
1623800440,555931.7
1624049092,321701.605
1624049291,812435.0
1624059219,803502.87
1624079088,596603.4
1625069101,891690.785
1626069198,537690.63
1626079066,307107.61
1645000310,219736.02
1645000580,278003.53
1646501845,517287.625
1646501920,512536.375
1646502355,945589.365
1651500060,885622.5
1651800010,885609.05
1651800030,964936.49
1653500070,943158.25
1657530010,294125.4
1657530450,294162.75
1665400165,231073.84
1668500090,747776.585
1668500100,843724.82
1682000280,207652.05
1682500160,224456.75
1683600120,232647.69
1683900040,337950.475
1685200110,237392.12
1687000270,285650.28
1687910200,586931.205
1689401526,583306.83
1695900150,742564.88
1702901180,622754.72
1702901340,509501.3
1702901485,351410.05
1703400470,347120.425
1703400585,457676.915
1703401110,293465.85
1703900005,422588.67
1704900135,312004.05
1705400350,385668.875
1710400007,672115.75
1721059218,288329.01
1721800190,250808.68
1721801161,280148.865
1722049154,496568.91
1722059021,297543.625
1722059235,301923.62
1722059326,227501.385
1724069079,811402.915
1725059136,1032598.76
1725059187,576181.565
1725059259,562491.2
1725800280,496050.475
1726069060,712256.625
1726069179,566061.5
1727500010,410137.425
1732800175,888052.25
1732800184,501206.7
1736800920,488474.075
1742800430,519263.8
1753500100,287022.035
1760650280,319221.38
1760650750,324238.4
1760650900,329785.7475
1761100080,225034.765
1761100190,218518.625
1761600050,345195.905
1769600066,736468.19
1770000330,510677.23
1771000430,323441.0
1771000690,326568.15
1771100330,331450.92
1771100360,330436.305
1773100561,331732.245
1773100967,330901.545
1773101159,298382.82
1774000030,527565.5
1774000170,433786.45
1774000330,483428.865
1774000780,450086.68
1774200060,577264.28
1774200230,640407.08
1774220400,565737.34
1775500050,375117.245
1775500362,648392.0
1775800280,536240.46
1775800420,456527.055
1775800510,429863.75
1775801020,422425.09
1775801340,414624.365
1775910460,435889.865
1776460110,463183.055
1777500060,635702.28
1777600210,623851.345
1777600490,665476.6
1778350160,922924.335
1778350270,729467.415
1778500620,984636.66
1785400770,521616.7
1785500132,359953.64
1786200010,415215.605
1786640030,326195.19
1786830090,552017.69
1787600165,481934.01
1788300020,181799.93
1788700295,206861.795
1788800630,135722.52
1788900230,150102.89
1789800020,404298.29
1794500870,610250.75
1794501415,814778.005
1795900120,605229.63
1796000120,459988.38
1796360990,215282.945
1796370180,270387.965
1796380310,238752.42
1796380330,240086.175
1796500100,235076.78
1797500780,529736.5
1797500985,786916.25
1821069072,364313.135
1822039138,567462.805
1822059331,246173.93
1822069041,454764.94
1822360080,561901.66
1823049179,349402.27
1823049202,274015.45
1823059159,199955.91
1823069088,306010.15
1824059079,914757.85
1824079052,880240.69
1825079070,485242.25
1826049362,532505.85
1828001220,616671.65
1828300100,813198.725
1829700080,351830.35
1830300090,696951.95
1832100030,958421.995
1839900080,332496.385
1839920160,428025.805
1840200080,286111.4
1841500050,347246.76
1842200040,450273.275
1843100070,364298.165
1843100580,361250.765
1853080130,864125.97
1854900430,688737.845
1854900470,668740.845
1861400060,663317.96
1862400132,376402.06
1862400176,738541.13
1862400292,385188.775
1862400518,384249.175
1862900690,237123.855
1862910050,288872.58
1863900225,228557.265
1864700300,309449.245
1868900035,673203.45
1868901120,601457.09
1868901295,663152.725
1870400605,636222.65
1870400615,683074.98
1871400585,217390.14
1873100390,713543.425
1873400020,437559.235
1890000170,539381.04
1895000045,226760.34
1898200100,338742.33
1898310110,252833.21
1898600050,205716.54
1898900040,411039.46
1900000035,182914.665
1901600095,247204.13
1912100875,560373.75
1919800090,606216.005
1919800260,581750.245
1921059045,191903.325
1921059310,228758.48
1922039062,512209.5
1922059135,212600.17
1922059197,264934.5
1922059282,321518.205
1922059401,212606.775
1923000150,945317.185
1923000260,999410.145
1923300315,580269.97
1924059278,832521.57
1924069105,690408.065
1925059200,961493.515
1925069121,583010.93
1925069199,808396.475
1926049210,302440.285
1926059236,846869.995
1926069035,325478.73
1929300052,873092.8
1929300415,843629.535
1930300190,679978.49
1930300410,528192.82
1931300035,654007.13
1931300175,591335.25
1931300688,518449.625
1931300815,518519.03
1931300955,436187.5
1934800022,497312.25
1934800138,388451.33
1934800162,402992.425
1937300280,454309.5
1938000140,857969.89
1939000040,747953.425
1939110310,769753.17
1939130120,721313.51
1939130420,650291.75
1946000100,435467.57
1951700480,551885.75
1951820070,554894.625
1953400570,322544.66
1954400060,502832.89
1954440060,519148.14
1954630080,672464.845
1954700365,711315.645
1959700225,655696.385
1959701890,830995.995
1959703070,809264.695
1962200036,646673.225
1972200139,572674.9
1972200326,547241.625
1972200426,510579.39
1972200554,549688.75
1972200728,628798.74
1972201161,352762.87
1972201963,502539.39
1972202187,576972.535
1972202505,573098.495
1973800150,545884.9
1974300020,575443.2
1982201255,419333.94
1982201485,687404.625
1995200215,522096.07
1997200245,532002.345
2008000130,384209.335
2008000270,204231.65
2008000550,265711.975
2009003136,440378.73
2011000120,253650.67
2011400520,351875.11
2011400710,349418.88
2011400779,367772.765
2011400782,259700.705
2021200370,969683.55
2021200530,950168.09
2024059052,926516.755
2024059059,653491.185
2024059110,870265.63
2024059127,890368.56
2025049064,729145.735
2025059204,912296.825
2025069065,911547.065
2025700130,265901.255
2025700860,276773.75
2025701360,271054.5
2025800080,324499.72
2026049184,568359.7
2026079016,425520.36
2028700570,538755.77
2028701000,584085.65
2044500142,435798.63
2050100210,814146.49
2061100265,531534.64
2061800045,450171.5
2064800830,471733.37
2068000270,963517.98
2071500011,441925.875
2087700115,610822.025
2105200010,419641.755
2112700920,321237.35
2113700790,293364.215
2113700825,256393.5
2113701100,300139.91
2114700040,414420.675
2114700115,340069.025
2114700368,305287.575
2114700540,289799.29
2115510330,265595.375
2115510470,267789.205
2117700065,369313.195
2122059077,229823.765
2122059216,479076.655
2122700120,344784.7
2123049086,186760.975
2123049114,179268.985
2123049194,238234.75
2123049498,239336.385
2124049254,278904.94
2125049120,851820.435
2125059161,976384.11
2125059163,1003648.225
2126059219,448053.17
2126059234,969579.87
2130200160,332657.31
2130410050,346549.045
2130702350,404762.875
2132200230,320916.715
2133010290,380806.21
2138000120,414785.855
2140700190,473638.69
2140900100,299317.435
2141330050,821758.835
2141500070,455222.31
2143700676,221665.465
2154970020,1034289.465
2158900140,822916.755
2159900120,455187.48
2163900028,557213.44
2172000750,217037.7
2172000846,268027.27
2175100270,890494.985
2188200785,158071.075
2188201010,256462.25
2193300390,619413.715
2193320210,587492.31
2193340120,536151.55
2193340140,542312.545
2197600451,541647.02
2201500440,442845.0
2202500150,410514.68
2203500140,420759.5
2205700345,458539.835
2205700350,445041.8
2206500110,464299.585
2206700280,378271.84
2207100165,479403.99
2207100255,391474.465
2207100635,463992.07
2207200820,478225.575
2207500695,881615.875
2211300260,373767.095
2211700160,554317.855
2212200500,282565.895
2212210360,212665.37
2212250080,605444.125
2212700180,256655.57
2212900180,204450.38
2212900470,196069.225
2212901010,214449.825
2214800270,319198.29
2215450060,333065.585
2215900410,280180.75
2215900800,316500.535
2215901310,318578.39
2221800080,308937.9
2222039011,357390.09
2223059099,271788.26
2223069112,551444.44
2223089053,433581.965
2225039081,494862.085
2225039130,994469.08
2225059336,926219.295
2225069062,556918.825
2225300149,354777.32
2227900040,429408.285
2228900195,518369.915
2235000015,321956.545
2241700075,306038.13
2249500367,837035.5
2250000010,355322.33
2254100090,713447.605
2254501095,607398.575
2254501335,559349.575
2255500123,653303.36
2260000210,548716.465
2264500350,530819.75
2267000453,399839.15
2268000370,187321.655
2268000500,223081.645
2273600250,512771.21
2273600260,530632.535
2287000060,810377.25
2287000330,817915.375
2287400030,310406.06
2296500036,530065.03
2296500131,727604.61
2296500136,688819.27
2296700050,475846.595
2301400470,544945.595
2301400655,617913.545
2306400010,504055.95
2309000060,555614.72
2309710130,314585.21
2310000430,248248.77
2310000440,254879.12
2310100180,352621.685
2313900740,415854.92
2314300420,383745.105
2316800020,501013.9
2320069206,211077.38
2320069248,213975.0
2322059039,305467.6
2322069116,459778.085
2324039069,447822.89
2324059314,800043.22
2325039057,603406.025
2325039067,623268.49
2325069054,452076.46
2325300060,311120.29
2325400040,344920.75
2326079039,260125.88
2326600130,893447.825
2327000110,876983.735
2328800130,304171.0
2329500260,261831.77
2329600280,205961.96
2329700440,186404.8
2329720040,521173.5
2329800430,263320.375
2329810590,296913.245
2331300505,712675.84
2344300180,965231.91
2346200050,764102.065
2349300069,317309.575
2354300910,403823.35
2354300915,241700.41
2356800020,398225.575
2372800100,234802.19
2379300330,330303.9
2385200050,465491.15
2386000020,898360.74
2387000110,829035.75
2391600335,828716.29
2391600950,570540.305
2391602500,511628.0
2397100155,516310.29
2397101075,710848.4
2397101270,615703.325
2397101460,545010.97
2402100575,931937.065
2407000110,256929.4
2407900550,384241.415
2408800120,371401.67
2412100025,375675.46
2413300730,288124.755
2413900050,617124.08
2414600255,332814.815
2419600005,405485.385
2420069201,234580.53
2420069242,181145.975
2420069268,205006.5
2421069039,328470.645
2422059015,275466.78
2423020090,432746.6
2423059060,572711.45
2423059104,388959.5
2423069170,590925.96
2424039036,320502.33
2424059035,892444.88
2424059116,923035.15
2424059127,909195.095
2424059174,1039700.15
2424410110,366189.54
2425049066,975514.75
2426039247,325655.76
2426039314,295091.095
2426059071,599343.25
2428100080,851931.26
2428100130,830824.57
2432000130,641093.67
2436200025,654410.025
2436200185,938054.4
2436200320,592131.825
2436700610,603179.25
2436701200,654592.475
2447500015,614125.25
2450000275,644933.75
2450000295,858088.25
2450000320,649848.2
2457200120,365854.44
2459000020,324288.65
2459900040,591091.5
2460700260,297012.15
2460900020,436669.35
2461900375,667245.47
2461900448,509637.39
2461900492,386023.225
2461900760,497923.485
2464400280,877551.0
2465400036,836024.9
2472920680,439328.325
2472950120,268595.6
2473000470,433800.6
2473000720,334922.845
2473100280,337093.5
2473100450,300942.475
2473100510,263604.81
2473350930,395005.47
2473360060,275815.465
2473370050,335089.65
2473370890,344120.725
2473372170,444847.38
2473372250,339681.82
2473400110,296144.5
2473400340,294626.45
2473410360,351808.41
2473410690,332210.88
2473420100,325459.69
2473480560,375016.075
2473510090,325297.44
2475200140,321441.82
2475200590,302046.27
2475201070,247251.885
2475900855,362423.505
2481630070,899832.535
2483700095,638097.5
2484700145,606123.68
2487200490,741985.675
2487200680,444726.0
2488200459,417316.58
2489200230,543572.3
2490200220,515027.5
2492200055,473348.2
2492200280,504060.92
2493200215,588045.12
2493200435,443104.3
2508000020,349183.26
2516000486,405741.74
2516000515,562690.235
2523400205,510358.525
2524000050,969353.78
2524059269,844936.905
2525000510,296017.535
2525000690,309257.555
2525049086,1027911.91
2525049259,1005460.56
2525049266,973252.74
2525059134,516681.65
2525300380,242437.75
2525300540,220307.065
2525310040,229854.84
2525310310,270252.575
2525500260,300267.75
2530800070,707668.68
2533300025,621832.135
2540820010,635033.475
2540830020,450984.25
2541100050,589465.45
2557000380,283794.045
2557000630,266241.195
2558610070,441091.0
2558650200,456046.25
2558720120,429717.665
2561360120,412575.15
2564900470,817999.165
2568200120,765742.7
2568200140,780285.375
2568200170,792141.125
2568200290,785042.015
2568300040,656700.79
2568300210,640063.48
2568800160,517401.25
2569600150,202240.78
2571910260,305266.31
2579500181,951603.9
2581300010,970247.135
2586800140,168401.21
2586800210,351144.28
2587910180,288279.89
2588800006,236756.385
2591010180,456119.01
2591010240,423596.35
2591010290,363105.7
2591720360,463243.755
2591730200,247287.055
2591780180,387444.245
2591820310,387848.75
2591830020,394674.785
2591850080,389024.385
2592220040,704528.4
2592400140,430500.35
2592400170,472618.49
2592400470,456369.5
2594200566,505356.6
2597000006,319080.095
2597150270,279270.445
2597490140,747834.78
2597490660,569516.605
2597500840,197569.545
2597520090,782664.69
2597520580,798507.305
2597530760,875011.17
2597550090,400082.1
2597650240,494709.9
2597690050,348915.9
2597800010,565393.375
2599000370,201283.85
2599200460,355164.635
2599200830,203721.24
2600000210,923982.09
2600010360,609301.0
2600020330,970513.265
2600100300,717321.665
2600110710,575101.25
2600140070,786009.5
2600140120,868820.775
2600140500,846178.48
2600400030,749849.0
2607720440,434523.56
2607801120,847546.09
2608300030,350334.85
2612000200,367463.365
2613200025,264225.825
2616700520,249930.125
2617300160,396779.095
2618300080,238363.34
2619950060,527622.125
2619950350,448476.3
2620069195,315044.64
2621069017,376480.795
2621700010,600512.81
2621730220,854118.695
2621760480,350696.77
2622059138,268368.785
2623039018,523776.38
2623069031,585512.44
2623089135,471028.9
2624049115,386528.25
2624049117,444928.06
2624049185,444761.09
2624089022,432920.29
2624300080,873626.67
2625069070,934525.695
2629600016,507721.25
2634500005,276761.03
2634500050,263029.515
2639400020,571547.81
2641800015,212693.445
2645500021,354927.92
2648000071,229970.595
2652500070,561093.195
2652500210,539975.3
2658000115,188810.71
2658000373,308151.91
2660500095,421992.895
2660500365,335355.745
2663000580,783422.995
2675600028,643431.905
2678100005,309150.485
2690100170,333512.33
2695600505,393699.875
2698200010,293384.475
2698200210,266996.75
2700200040,370473.99308333336
2719100400,456685.425
2721049059,277624.305
2722059183,289915.83
2722059185,455708.965
2722059292,180183.17
2722069077,368483.535
2723069052,529550.97
2724049076,370035.33
2724069103,381494.89
2724069169,471488.93
2724200705,165076.78
2724201202,227998.43
2725069085,781686.55
2725069164,728178.645
2725079018,728636.37
2726079061,679162.305
2734100732,353877.25
2734100736,303321.2
2738640310,669351.3
2741100280,431789.31
2741100800,299373.33
2742100152,525977.7
2744000010,270743.145
2759500105,388174.41
2760200050,346120.43
2767600150,497456.315
2767600635,651783.175
2767600686,442470.505
2767601085,820812.55
2767601100,592494.6
2767601280,820267.9
2767601311,463589.0
2767601390,578883.35
2767601752,496056.27
2767602141,537460.8
2767603210,602991.23
2767603215,511598.805
2767603505,506871.85
2767604425,504209.0
2767604712,455726.0
2767704345,463894.25
2767704682,466014.5
2767704777,509652.905
2767704860,550779.53
2767800065,487391.98
2767800140,615779.255
2768200090,857802.295
2768301182,472165.83
2768301357,554233.125
2768301477,507035.0
2769600035,753345.62
2769600480,596603.055
2769600560,526203.46
2769602710,525715.1
2770600795,728040.25
2770600930,639260.94
2770601461,543426.245
2770604942,728455.5
2770605065,535750.885
2770606915,488417.715
2771101200,513031.685
2771101964,439405.52
2771104830,954819.965
2771600350,681159.165
2771600550,999433.415
2771602425,402464.5
2771602427,408961.75
2771604190,889621.925
2771604226,616662.145
2771604791,617404.63
2776600002,467002.425
2780700020,430890.75
2781200090,409715.29
2781230070,448080.49
2781250110,401496.35
2781270210,209835.0
2781280150,229563.69
2787250240,589921.075
2787311190,268081.26
2787320430,273484.48
2787320620,260275.565
2787700060,333570.275
2787720140,363241.995
2791500020,254800.825
2792000010,396867.78
2796100160,284341.245
2804600005,798996.25
2806000560,875864.74
2807100155,320470.88
2810600022,346436.055
2813100100,553082.5
2817100900,273436.005
2817910220,443538.46
2818100060,863739.465
2818600010,987348.355
2821079081,464077.105
2822049210,255534.555
2822049254,415274.775
2822069080,410125.125
2823059055,286584.865
2825059256,850526.175
2826049200,496475.915
2826049260,447025.875
2826049282,476469.455
2832100270,440681.18
2841500010,482557.385
2843200070,259065.715
2856100125,432224.29
2856100185,365159.95
2856102105,944524.03
2856102280,523989.01
2856102336,582980.025
2858600083,575345.01
2862500060,854519.835
2867100007,590920.25
2867300190,518038.0
2869100080,714598.58
2872100445,540782.42
2873000920,252555.04
2877101745,898178.395
2877102651,728369.36
2877103070,645046.55
2877103111,652919.25
2877104316,702993.125
2878600200,516694.75
2880100795,718709.2
2881700231,379927.175
2881700273,379026.845
2883200760,772424.775
2887700995,652514.975
2887701420,447602.25
2887703186,575026.525
2887950020,277775.005
2887970040,286298.32
2888000020,461751.145
2891000750,211209.8
2892600056,232347.405
2893000280,282944.65
2895730070,906948.065
2895730280,949641.785
2895800640,259046.95
2895800710,270825.9
2896000450,570709.125
2896310120,535735.575
2896600020,419332.35
2896610210,323081.125
2902200076,741355.66
2902200915,682936.665
2902201300,612967.065
2909700070,468714.03
2916200065,433231.505
2917200475,329570.67
2917200645,464904.57
2919200280,600445.0
2919201365,725136.63
2919700109,384257.43
2921700060,607335.835
2922701305,556578.575
2922703235,330921.86
2923039017,390115.52
2923039243,427911.53
2923039264,619961.85
2923049372,275496.745
2923049399,335641.27
2923059064,254099.525
2923501130,616373.235
2925059260,877296.6
2925059294,695190.675
2926049400,518102.0
2926049408,662117.425
2926049504,497961.77
2926049582,324557.115
2927600630,648462.265
2927600675,599082.39
2937300430,920334.395
2937300550,994024.4
2944000050,923814.54
2944010240,1032499.865
2944500330,332649.545
2944500340,303205.665
2944510080,286394.04
2946000285,239343.255
2946001950,237807.255
2946003580,232128.015
2953000090,226160.93
2966800010,362349.865
2968800626,324801.715
2968801105,220904.7
2968801130,373210.695
2968801510,379178.25
2972300140,406294.44
2976800115,323542.975
2976800145,296420.865
2976800749,239742.415
2979801095,630450.34
2985800030,558300.395
2985800070,522862.265
2988000070,403262.385
2991000160,316881.425
2998300060,665997.7
2998800040,603374.44
3013300510,516176.5
3013300895,362466.605
3019300090,697346.12
3021059244,204521.19
3022079080,642635.2
3022079094,618444.4
3022800010,419273.1
3022800260,403255.415
3023049143,636887.36
3023049186,542543.065
3023049256,323256.7
3023059071,375252.0
3025079003,461407.5
3026059011,823895.545
3031200230,499169.015
3034200067,607679.61
3034200087,734413.945
3034200142,414983.795
3034200399,649674.065
3034200410,342970.365
3034200516,437751.7
3034200885,409689.325
3037200045,418622.145
3039000010,394660.145
3041700570,527640.12
3065600270,206270.75
3066120030,1016092.48
3066200440,663627.59
3066410080,668728.5
3066410850,673851.105
3080000005,431301.235
3083000355,570637.25
3083000940,386863.44
3089000005,226185.45
3100500065,918402.17
3101500010,385146.705
3102700160,353629.995
3121059033,324853.81
3123039042,332685.15
3123039171,473727.81
3123049142,541160.8
3123800080,374905.345
3123800125,328374.68
3124089086,339614.4
3125079013,798774.325
3126049107,584368.37
3126049411,335529.505
3126059027,1024455.155
3134100023,911845.145
3141600600,256674.81
3145600045,629552.34
3158500340,303782.15
3158500460,331024.595
3166900270,385391.835
3176600055,685789.575
3179102305,645613.855
3182100105,515335.33
3188100400,492266.05
3191000240,408716.86
3192000080,235563.37
3204300225,450188.72
3204300455,928049.88
3204300860,775439.0
3204400040,265041.625
3204800520,402545.52
3204930170,683572.125
3204930510,758765.655
3204960200,893419.945
3205000310,392366.135
3210200373,240068.745
3210400060,255236.96
3211100240,309859.325
3211270160,441595.14
3213200180,633892.56
3216900080,325387.05
3221069035,460693.745
3222049024,407426.8
3222049055,560663.52
3222049159,611679.9
3222059130,509752.46
3222059206,329145.54
3222079083,421741.37
3223039010,353795.75
3223039013,435954.8
3223069019,328478.875
3223069118,640662.75
3224059107,677250.805
3224069026,375442.1
3224510290,947925.76
3224900130,206825.85
3225069239,845200.065
3226049045,367726.915
3226049270,562981.5
3226059083,550030.75
3226069049,919433.245
3226079091,723784.205
3235100075,324346.99
3235100080,262456.505
3235390100,332427.605
3244500078,739038.825
3244500158,644231.625
3253500030,560231.665
3260000300,724343.61
3260000570,678214.65
3260000700,596135.175
3260100330,594493.275
3260350100,589481.815
3260590070,685003.27
3260810260,329087.93
3261020080,660349.83
3268000040,310515.44
3271800850,890096.97
3271800910,1000045.905
3275300040,218581.95
3275330120,283466.575
3275850020,737887.665
3275860240,789260.75
3275880100,721707.435
3275890310,635757.455
3276200280,274514.97
3276930380,674467.3
3276930400,605908.04
3276930420,621833.75
3277800729,324496.15
3277801431,311375.215
3277801450,347030.815
3277801580,471269.75
3278600240,344541.7
3278600670,294416.485
3278602170,369860.35
3278602490,405723.675
3278602660,253963.27
3278602670,262351.22
3278603000,641463.46
3278606200,407891.805
3278611450,459569.14
3278612370,369983.225
3278612450,405027.785
3279000460,230005.765
3288301410,489678.6
3291800120,229577.015
3291800780,336988.125
3293700105,399227.745
3293700482,410489.165
3293700521,426644.68
3294700101,237230.075
3294700421,313213.75
3295610080,919865.12
3295610350,853258.455
3295610490,878424.285
3295710150,267329.525
3295730040,599009.67
3295750610,290678.315
3296900160,468647.93
3298200620,366022.325
3298201170,361392.34
3298500690,364149.18
3298700110,412672.915
3298700946,220455.125
3300700470,362325.75
3300701185,436728.75
3300701440,435301.0
3300701615,717375.4
3300760020,699984.17
3300790540,252698.055
3303700376,578298.9
3303860030,506937.965
3303860160,437773.375
3303950130,370448.225
3303950220,341869.535
3303951600,342369.55
3304040130,328609.855
3304300380,594447.935
3306200010,271073.315
3306200240,218075.535
3313600266,204801.325
3313600340,197683.4
3317500030,979830.07
3317500100,976996.775
3319500299,337452.71
3322049126,211435.055
3322049201,266429.565
3324069541,671767.67
3324079089,836211.025
3327000140,212625.38
3330500705,293779.5
3331001285,306750.19
3331001765,416010.705
3332000135,335594.52
3332000195,258095.025
3332500085,610530.1
3333001997,374009.47
3333002790,323915.23
3336000230,241940.75
3336001316,232016.57
3339400515,384200.635
3340401555,267003.165
3340401570,321963.29
3342100785,269858.225
3342101785,566703.705
3342101937,753029.805
3342700491,663515.33
3343900781,304315.26
3343901340,312863.38
3344500183,429426.81
3345700215,560366.805
3347400525,197439.015
3348401382,308947.605
3352400325,241511.77
3352400351,248353.285
3352402195,199197.77
3353400092,308312.2
3353400120,166639.395
3355400242,302211.71
3362900810,470406.12
3374500240,356465.4133333333
3374500250,371310.855
3374500290,322428.97
3374500520,372283.73
3375300370,271873.19
3379100130,504536.2
3380900160,422130.655
3383900048,603210.745
3387800380,249124.525
3387900390,246499.865
3389900800,410845.125
3389900965,622917.425
3390600025,383106.75
3392100050,208352.6
3392900080,589721.27
3395040200,301314.65
3395041206,297936.5
3395300180,563318.905
3395800305,254090.375
3395800660,245909.53
3396820150,626429.51
3401700031,494104.925
3407700047,828501.875
3410600080,628511.0
3416600111,613514.69
3416601021,573706.52
3420069060,577974.78
3421059049,326847.35
3421069020,315309.02
3421069044,394225.25
3424069008,522769.81
3424089119,525684.435
3425059066,618534.49
3425069117,1007584.96
3426049031,915438.535
3426049153,483853.875
3438500037,443444.375
3438500114,388716.025
3438500168,362507.615
3438500742,407745.85
3438501327,326777.35
3438501700,290678.97
3438501862,323784.635
3438502200,435881.5
3438502290,460662.64
3438503140,280726.57
3438503223,369187.02
3448000270,370640.75
3448000410,376253.75
3448001285,443144.63
3448002285,457468.685
3448700070,431571.635
3448900320,586489.25
3449500035,344094.625
3454000060,876685.925
3456000160,844292.78
3459100300,413829.475
3459900230,1010727.295
3463400330,481455.215
3475000080,742730.02
3491300082,823293.5
3491300180,578116.5
3500100078,330776.26
3501100050,442059.92
3512100110,269700.255
3521069146,526904.18
3522900061,444710.525
3523059056,382081.15
3523069060,319588.65
3523089019,692551.335
3524039144,572524.25
3524039204,830941.295
3524049042,351264.575
3526059115,613489.45
3528000260,822216.945
3528000310,930839.27
3528000510,895988.055
3528900160,632819.315
3528900401,991034.255
3528900735,685182.495
3528900768,623191.25
3528960020,717129.71
3529000880,594064.75
3529300330,322778.7
3530200020,658425.975
3530200160,651983.375
3530400080,230498.43
3530420020,183392.55
3530510041,213650.38
3537900180,842058.25
3541600210,386016.74
3541600405,536609.28
3541600450,405594.805
3546000070,253256.165
3546000340,244634.69
3558900070,511909.925
3558900590,536394.75
3558910640,471284.49
3570000160,629484.995
3574800520,423170.035
3574800810,457586.75
3574801720,404773.625
3575302345,600937.0
3575302562,368913.95
3575305485,531284.98
3577000116,677696.75
3578400500,519319.265
3578400780,479448.155
3578401760,412428.25
3578700073,335964.56
3579000370,442345.21
3580900090,349972.65
3582200200,470178.14
3582750280,326819.245
3582900280,792431.29
3584000400,209357.87
3585220340,488716.69
3585300194,925484.35
3585300410,651375.82
3585900190,799106.0
3585900785,829245.235
3586500770,594044.25
3586501135,695892.69
3592500565,852896.25
3616600003,995724.945
3622059155,290170.86
3622059180,316178.935
3623059027,226203.445
3623500049,925386.305
3624039102,406661.2
3625059140,522030.325
3625600190,858029.045
3625700080,854874.52
3625710100,794806.855
3626039028,379028.22
3626039271,504532.855
3629000080,191305.775
3629160060,530100.605
3629700030,660782.75
3629910210,668947.95
3629910370,626108.34
3629921140,894406.285
3629960060,362178.82
3629970610,459276.27
3629970930,742741.77
3629980860,649217.45
3629990180,500006.805
3630000080,426694.475
3630010020,421858.14
3630060040,364526.94
3630070010,356241.83
3630080070,415266.835
3630080120,383715.615
3630090050,726026.31
3630110340,701595.625
3630160610,777737.575
3630180380,809918.435
3630180450,808145.355
3630180500,918401.32
3630200300,985146.165
3630200460,708922.35
3630220140,774003.805
3630220180,785311.325
3634100030,339664.715
3644100072,269388.96
3644100086,361992.095
3649100031,405568.25
3649100276,404551.005
3649100304,430470.5
3649100346,416404.56
3649100676,555884.875
3654200039,404860.575
3655400060,421544.5
3663000070,485413.625
3668000070,218366.165
3668000500,256588.34
3668000810,223531.73
3668001080,259516.04
3670500465,389534.0
3670500605,314572.8
3677400445,471381.825
3679400025,513369.785
3679401110,318977.42
3693900985,518010.315
3693901801,535446.0
3699100130,560668.405
3702900185,851023.025
3705000120,276773.75
3709500180,452839.75
3717000250,286680.295
3723800097,453763.71
3723800409,533832.575
3723800414,645910.1
3723800415,386960.19
3726800010,355592.875
3726800285,379531.33
3732800495,466231.625
3732800525,407580.72
3738000070,968300.29
3738900105,321879.01
3738900165,390834.12
3739500096,387943.765
3740000010,601445.71
3741600020,563148.44
3744000100,501873.27
3744000150,464820.29
3750603685,248513.63
3750605620,245311.615
3751606606,381737.875
3754501240,1007629.285
3754700420,385275.085
3755000020,334962.925
3755000060,350192.195
3755000310,358750.64
3756100160,730761.63
3759500006,638834.28
3760000030,605107.7
3760500407,991459.13
3760500730,907924.715
3761100045,1009434.8
3761700053,924711.44
3764800250,369680.03
3768000280,338887.73
3775300030,345861.745
3782100155,313952.3
3782760280,401022.55
3790600080,371046.07
3791410210,537581.045
3793500780,300066.78
3793501050,406624.61
3793501390,315532.095
3793501400,402843.59
3793700210,284072.29
3797000145,853892.75
3797002575,571215.405
3797300190,307877.61
3797700030,270629.58
3797710010,317840.875
3798000130,441520.975
3800000160,501255.505
3812400070,362628.39
3812400657,276849.08
3812400898,513921.475
3814700200,338363.40833333327
3814900210,514815.36
3815500035,398023.69
3815500045,481483.325
3818700123,487261.0
3819750170,430110.5
3820350070,336105.56
3821200050,318115.505
3824100291,470499.715
3825310530,696266.07
3825500080,487921.425
3826000385,236951.285
3826000470,206061.06
3826000665,267432.245
3826500570,250166.135
3828000405,167416.075
3830200140,256265.75
3830620300,230910.74
3830630090,248787.18
3831200210,287902.4
3832050130,273706.05
3832060940,305322.925
3832200070,245557.135
3832500260,243136.88
3832710680,251880.125
3834500170,419159.09
3835500005,889103.16
3845100550,427437.725
3845100640,402745.22
3852900026,547285.97
3856900590,658318.005
3856901435,690350.3
3856901715,506634.46
3856902996,421541.88
3856904560,639787.565
3856904580,792581.94
3859900060,1031522.98
3860900003,973909.67
3861500330,243907.595
3862710030,446387.1
3862710090,416312.3
3869900120,460021.725
3869900136,484440.805
3869900139,481030.23
3876100320,549522.33
3876100940,527054.4
3876200070,447432.625
3876300890,505433.2
3876310300,454816.48
3876311350,444777.75
3876311650,532342.75
3876311860,422372.25
3876312010,460881.39
3876312370,406817.715
3876312840,414205.72
3876313100,431615.4
3876313260,436649.325
3876600120,248370.59
3876760430,272604.54
3876800580,341756.16
3878900270,433337.14
3878900464,300111.7
3881900317,575311.04
3882300100,500537.745
3885801970,677806.305
3885802135,874461.25
3885806565,927695.48
3885808005,963360.895
3886902445,497450.615
3888100117,496470.42
3888100226,692102.425
3889100029,768163.925
3893100456,926753.78
3900100265,582120.48
3900500110,639425.16
3902300100,564225.765
3902300210,572322.84
3904900610,491800.15
3904901330,452104.775
3904901450,478154.015
3904901840,454904.62
3904902500,704217.215
3904920730,743623.24
3904940160,558971.25
3905000540,693011.25
3905030190,554411.5
3905040070,495270.4
3905050240,524764.74
3905080730,554410.5
3905081070,516448.51
3905081800,545854.34
3905100280,489092.25
3905100610,490681.635
3914000090,414193.75
3918400017,445087.925
3935900005,764699.25
3935900232,348270.65
3943600140,368380.03
3955500100,437654.25
3956100190,470626.045
3959400400,601406.33
3959400645,659786.75
3959400710,359918.795
3959401284,486256.955
3964400120,509025.725
3971700510,412381.25
3971700560,465916.88
3971700937,313158.77
3971701300,315728.32
3975400190,607915.88
3975400260,716081.265
3977630270,193552.255
3981200250,436363.9
3990200065,386147.65
3996900125,317377.37
3996900555,374742.725
4006000423,317796.69
4006000580,292649.79
4008400515,225997.2
4012800010,441701.69
4013800206,208631.075
4014400190,474210.275
4014400292,452954.125
4019300195,689692.625
4019301300,599623.0
4019500030,473473.43
4019500160,497871.61
4021100095,395129.66
4022900125,508903.875
4022902050,502197.575
4022905172,495673.94
4022906430,475602.2
4023500352,470884.175
4024100496,399032.375
4024100961,384201.16
4024101050,326529.285
4024101421,354516.845
4024101478,429739.8
4027700321,442815.715
4027700396,519004.93
4027700799,338817.125
4027701265,529773.075
4027701275,305709.64
4027701291,509902.5
4027701294,480120.5
4030100290,833244.07
4031000260,228112.97
4034900065,630908.355
4035900015,712603.64
4035900060,562616.875
4037000635,503604.505
4037200530,484478.88
4037200585,418423.375
4037200690,443326.625
4037500335,509416.55
4038000040,496425.41
4038200480,404599.5
4038300070,469061.925
4038400130,466971.55
4038400150,563146.62
4038700190,575490.1
4039000050,490429.83
4039300140,497759.46
4039300400,485470.67
4039400410,503102.725
4039800080,973746.795
4040600190,532333.87
4040700310,476478.705
4040800050,389875.25
4040800090,442278.475
4040800120,374868.025
4040800360,404822.485
4040800600,426258.73
4045100190,986133.495
4045500625,795983.87
4045500710,435386.05
4046500270,471564.685
4046500720,532000.52
4046601420,425725.58
4046700110,359395.075
4046700300,338543.64
4047200850,363285.94
4047200950,271897.75
4048400070,279548.87
4051150070,213135.905
4051150080,245410.825
4051150100,249822.85
4053200566,542508.85
4053200926,430872.665
4053200933,252975.375
4054500390,1028916.97
4054530260,1026631.72
4055700167,780678.2
4055700920,550745.48
4055701200,726418.625
4058801065,247867.595
4058801240,313649.55
4058801310,232323.195
4059400515,196342.09
4060000440,205347.645
4073200575,458441.0
4074300150,443599.09
4077800029,666722.86
4077800088,569568.5
4077800247,504270.21
4077800507,532012.075
4077800593,398992.2
4078300050,779616.415
4083300070,755865.225
4083300510,576412.45
4083301120,638395.27
4083302485,665436.885
4083303815,797758.2
4083305870,681795.565
4083306175,552553.87
4083306620,559662.8
4083800555,475497.445
4083802425,628105.39
4086300065,600829.875
4099100210,636475.29
4099500605,786164.605
4099500935,728872.34
4100000040,754314.795
4100000140,712959.865
4102000075,218725.62
4104900150,582335.96
4123800320,254137.545
4123840470,385510.58
4128000020,393206.67
4136880460,293460.635
4136890560,353215.82
4136930360,362151.425
4137000070,316636.525
4137000250,311943.09
4137000280,265048.05
4137000700,279204.97
4137010010,302188.21
4137060270,329182.38
4137070090,316712.67
4139420430,1033785.46
4139430910,1021213.115
4139440100,762303.315
4139440360,776789.225
4139440610,737651.74
4139440730,815168.845
4139440830,832773.66
4139460200,914258.355
4139480190,963158.105
4139500410,1024736.175
4139660040,909347.93
4139700260,856211.525
4140090420,497534.175
4140500055,478387.11
4140900050,666245.5
4141000060,972001.58
4141800285,905384.66
4147200140,932731.57
4151800195,587936.915
4154303655,500419.05
4157600150,662368.765
4166600115,546383.355
4166600610,328389.8
4167300030,262660.945
4167960330,293845.27
4168000110,190659.15
4168100130,198424.635
4172100050,556949.03
4174600055,325497.235
4174600072,599034.875
4174600262,413141.9
4178310080,741610.1
4178600100,576061.0
4188000240,722297.075
4188000640,706701.19
4189800020,366721.675
4202400395,298209.0
4206901505,591017.24
4215250030,562519.345
4217400590,595874.18
4217401035,946969.67
4218400005,889079.1
4218400100,976350.46
4218400671,895395.64
4219400465,900386.85
4219610320,538552.82
4221250090,555488.0
4221250120,590838.185
4222200210,235170.71
4222200380,237369.09
4222310010,225868.635
4226900211,513300.01
4229400015,453074.375
4232900250,588432.5
4232901990,505712.87
4232902335,936240.165
4232902595,864324.62
4232903265,684368.005
4232903990,855629.875
4239410220,201618.275
4240400155,585700.25
4245400045,246893.11
4254000220,482064.615
4298100060,637969.0
4298100240,627621.755
4302201130,197308.01
4303200130,357345.095
4303200555,226064.22
4305500030,578161.04
4306500070,360738.69
4307310400,331246.25
4307350730,437211.02
4309700130,882345.5
4310700570,364899.78
4310702858,412345.475
4310702876,451625.1
4315700275,564043.625
4318200360,414157.45
4319200620,414559.005
4324200060,262396.35
4324500180,200373.4
4326000220,374428.65
4327600010,302840.25
4330600435,274766.58
4335000030,426182.865
4337000335,176436.31
4338800190,248406.01
4338800500,250366.88
4338800685,271636.035
4340000080,953698.64
4340610080,287072.015
4345000210,255320.29
4345000490,266964.31
4345000510,269329.385
4353700200,525977.855
4354700010,409928.5
4358700186,308208.0
4363700200,342537.69
4364200125,416459.575
4364700585,436357.125
4365200445,328848.335
4365200505,359723.14
4365200620,378744.575
4365200630,381187.875
4365700330,234034.435
4379400490,662451.15
4379400580,689831.275
4385700285,756229.0
4385700425,906650.04
4385700765,527273.53
4388000260,208589.595
4388600030,653997.275
4389200796,971265.77
4389201075,983269.855
4392200165,250247.49
4396000530,283394.98
4397010350,406702.75
4399200100,251259.69
4399210110,274847.2
4399210130,233875.65
4401200460,841454.94
4403200255,918103.435
4415600030,402289.745
4420600015,363024.875
4432600075,635286.01
4438000075,251786.655
4438000165,167933.58
4440400155,237462.79
4443800385,524048.625
4443800960,552283.075
4443801495,584725.35
4443801590,446513.675
4450700030,408032.21
4458800060,783728.25
4459800070,562942.25
4472000040,253951.625
4475000120,372767.1
4476400275,369029.95
5009600010,266156.2
5009600070,287678.665
5013500110,417252.0
5013500400,468952.815
5014600210,751763.035
5015000190,681433.685
5015000700,757966.34
5015001452,877354.335
5016002180,846013.0
5021900175,716796.985
5021900635,903481.5
5029450290,228631.745
5029450850,224114.375
5029460180,278062.85
5035300572,788101.895
5041300100,590028.725
5045700330,419267.92
5045700470,539262.25
5054800110,357741.275
5057100080,494286.465
5066400483,238997.64
5067400032,602388.465
5071400104,711754.83
5071401000,772587.985
5072400100,450696.585
5072410070,430694.1
5076700025,553953.055
5078400210,741856.41
5083000375,192590.65
5083100065,195454.395
5087900040,356361.7
5088500310,442254.905
5089700750,359952.25
5095400630,367972.95
5095400760,309013.98
5100400241,411133.205
5100402764,505267.375
5100403405,483147.76
5100403952,443495.945
5101402312,520804.955
5101404482,581084.355
5101405276,351326.345
5101405335,418581.01
5101405340,480395.325
5101406441,506935.67
5101406522,396923.915
5101407350,371141.555
5101407370,455900.16
5102400025,470799.305
5102400035,478988.075
5104200420,315466.035
5104450440,368933.14
5104450690,396103.91
5104450720,386593.37
5104510010,332635.0
5104510860,379439.435
5104511250,481853.89
5104511600,425093.27
5104512180,504718.33
5104520720,316350.53
5104520810,352160.835
5104530770,335949.975
5104531820,492031.15
5112800421,274874.645
5113400113,663630.9
5113400264,632687.825
5113400431,568928.27
5113400535,726961.995
5115000100,244680.285
5115000160,242584.375
5119010090,585129.76
5126210360,625769.795
5126300510,415676.475
5126300650,504588.195
5126900310,243971.86
5127000430,329296.7
5127000470,331120.255
5127001600,324633.175
5130000080,482246.5
5135000050,882316.945
5135000170,815680.77
5137800130,364093.505
5145100180,347080.445
5149300100,294539.795
5151600170,267090.735
5151600195,276943.785
5152000030,292816.12
5152100060,535031.75
5152920070,561212.5
5153100030,312026.8
5153200100,557666.75
5153200150,452692.84
5153200358,339387.635
5153200651,276241.49
5162100660,340510.995
5162100820,336234.625
5169700132,528934.505
5175800060,543494.165
5196420290,925662.155
5202500030,505093.785
5210200077,807486.09
5210200081,473985.325
5210200131,553802.5
5215200050,664732.0
5220300140,292103.515
5226500250,483806.505
5230300210,270047.065
5244801230,790246.0
5244801275,537604.275
5249800345,440502.42
5249800729,749061.475
5249802460,479468.7
5249802660,351840.34
5249803185,567640.39
5249803645,361518.46
5249803745,331571.205
5249804560,414634.025
5250300035,901408.25
5253300243,439677.24
5255200220,412790.1
5255300150,461999.25
5266300140,529840.52
5267000180,307042.2
5272200045,367831.88
5273200060,608805.27
5279100680,322972.79
5288200072,395816.625
5288200260,615832.27
5300200050,330924.825
5306100240,333607.115
5307100280,612930.745
5309100750,551378.25
5309101200,686843.63
5312100060,476789.47
5315100393,745066.83
5315100394,687199.15
5316100780,1012467.91
5317100570,903783.685
5318101040,638541.635
5318101185,563331.34
5332200375,790510.41
5332200405,931630.75
5347200060,300565.44
5351200265,955927.05
5351200280,884778.7
5363200100,874246.36
5364200620,815194.01
5366200205,492766.83
5379801920,601942.82
5379802090,234015.66
5379804150,642944.5
5379804470,270365.295
5379804690,292394.5
5379804730,171535.54
5379806590,237873.025
5381000072,381048.48
5381000477,420622.165
5381600110,263898.5
5393600507,336240.265
5393601690,448205.85
5406500480,629819.25
5409800110,369298.85
5412300100,251118.935
5412300410,238093.665
5415300060,538294.4
5416100020,299210.395
5416100110,353891.45
5416500040,312627.23
5416510060,435401.0
5416510830,303607.0
5418200295,579106.765
5418500970,705651.11
5419800510,254148.0
5422950020,316632.805
5423010350,756908.295
5423500240,196169.35
5423600100,598313.84
5424100030,335163.0
5427110040,946834.62
5437810320,291619.205
5437820080,219228.22
5437820250,223144.02
5438000060,285128.765
5442300807,994113.5
5448300150,592952.885
5450500010,924714.855
5450900140,925399.825
5451200370,965917.175
5451210150,756034.57
5451300105,860755.515
5452800645,838334.315
5453700140,771442.0
5457300703,612857.11
5457800930,892271.75
5458300580,500348.27
5458800415,750523.26
5459300040,803583.65
5460500040,1007309.095
5466350120,254246.735
5466380050,312297.3
5466400530,262485.885
5466400550,219634.015
5467900070,323841.305
5467910140,346133.3
5468750040,410574.555
5469000140,378171.24
5469300270,243787.36
5469500180,312564.07
5469500640,572046.885
5469501940,383569.335
5469502170,425390.645
5469502380,565734.45
5469502700,402948.75
5469502780,391523.17
5469700052,255365.345
5482700100,844935.46
5490210670,528444.9
5493110020,1001719.47
5495200040,707105.79
5502700005,374041.72
5505700020,440876.215
5505700055,565700.83
5515600087,208004.69
5525400420,580662.19
5525400530,723694.765
5528600005,432100.03
5528600050,356972.775
5535600520,547105.25
5536100010,838365.0
5536500020,553166.75
5540000010,241984.215
5540800100,365422.315
5547700190,649438.55
5550300205,252838.96
5556300109,962588.725
5557800010,231245.79
5560000480,150458.62
5561000430,442183.87
5561000600,484374.865
5561300340,531975.46
5561300380,500965.0
5561300480,568430.1
5561301150,575833.225
5561301220,741740.97
5561400340,723808.38
5561400610,499635.385
5561401110,472976.01
5562100325,313835.28
5566100170,686733.17
5566100205,483098.305
5569620410,729965.46
5569620550,730388.96
5581400080,814032.065
5589900400,423778.745
5595900316,213900.355
5595900345,393545.005
5603700095,568153.75
5605000430,942096.675
5608000840,902479.89
5608010420,855239.95
5611500100,712329.64
5612100065,412051.875
5631500254,545233.0
5631500594,395875.875
5631500947,537786.05
5631501202,627783.375
5634500201,468571.67
5634500415,436033.4
5634500775,509901.29
5636000210,342760.05
5636010280,257511.33
5637500070,431501.07
5637500094,499752.225
5643600351,292288.25
5651010300,379779.525
5651500140,234279.49
5652600185,614167.555
5652600605,596714.74
5652601035,414730.5
5652601330,448941.85
5652601425,528763.79
5667100025,360587.225
5667100045,413887.19
5668500045,376693.87
5672000020,245789.4
5694000706,488424.89
5700001640,863507.495
5700002285,526320.81
5700003280,891978.53
5700003585,1017226.79
5700003640,970781.53
5701500030,922895.13
5702380630,255260.005
5702380730,249841.34
5702450250,333242.62
5702450260,339285.55
5703500130,269359.32
5706500385,208994.03
5706600150,212657.68
5710500230,529131.255
5710610800,573251.795
5742600115,555801.81
6003501535,672886.575
6018500015,180369.48
6021500320,645240.78
6021501780,496528.67
6021502300,552511.09
6021502750,553694.605
6031400071,269591.625
6031400092,360966.25
6054650510,380812.5
6055000430,470599.555
6056100114,436046.99
6056100312,392853.47
6056100370,455234.0
6056111067,252169.6
6056111350,358283.16
6056111430,324014.455
6064800090,341487.135
6064800470,322196.92
6067900060,582459.825
6071000030,867587.55
6071400360,561873.89
6071400710,541512.5
6071600340,520851.925
6071700160,645860.99
6071800310,515050.5
6072300110,605726.32
6072300800,680209.725
6072500490,541266.22
6072650250,569165.17
6072700110,668541.145
6072800170,989259.32
6072800265,990966.79
6073200020,414608.0
6073300040,521499.205
6073300790,407942.02
6073500160,412182.745
6079500230,650450.74
6082400191,231321.63
6084200100,381265.82
6084600330,241870.375
6099400030,438231.13
6099400053,205481.075
6116500290,644773.45
6117500955,378686.62
6117501820,209472.695
6117502220,695780.5
6117502745,538262.09
6117900010,726617.835
6123000070,242768.555
6123000225,262215.725
6123600100,219517.375
6123600285,217204.85
6127010670,675345.65
6127010890,651352.25
6130500120,405452.975
6137610620,619733.5
6139100086,378106.49
6139800390,449451.7
6139800430,468087.435
6141100255,428964.98
6141100320,413003.76
6141100380,409167.2
6143600555,220738.61
6145600955,348114.675
6145601312,342326.325
6145601715,576487.265
6145601995,428491.86
6146600175,155729.905
6147650430,350249.5
6149700197,326422.36
6149700315,365498.335
6149700405,325034.675
6150200040,441002.75
6150200435,300617.13
6150700005,457521.25
6150700264,375276.205
6150700394,343345.66
6151800300,497637.19
6151800606,237296.185
6154900130,344665.29
6161000015,398379.45
6163900301,348273.47
6163900971,361598.505
6163901261,340585.34
6163901271,300190.74
6163901352,303958.495
6169901006,617002.66
6169901197,803686.15
6170900190,373314.005
6181400470,291000.63
6181430280,433725.04
6187100360,275083.71
6190000035,919835.395
6190500340,579368.5
6190500380,583198.25
6190701110,422838.205
6190701483,412302.98
6199000141,293779.205
6203000160,488595.75
6204050040,474241.905
6204050080,578601.35
6204200470,529608.94
6204200590,425646.465
6204420290,467663.5
6205500580,717261.63
6209000165,332986.425
6300000320,367088.535
6300000368,261421.5
6300000396,403703.675
6300500105,309253.0
6300500477,413424.25
6300500505,361268.24
6300500545,438463.825
6303400290,221270.19
6306100190,285647.915
6306400140,793574.55
6306800020,443935.85
6308000020,653103.245
6329000070,681298.6
6344000060,784137.765
6362900007,438802.415
6362900145,428325.76
6362900171,503682.595
6370000070,484356.785
6372000101,477775.825
6372000190,611059.28
6379500227,544873.04
6380500135,332663.45
6381500110,331834.01
6381500265,322688.685
6381500690,362052.985
6382500076,574182.975
6383900090,954523.21
6384300020,450854.75
6384500535,471082.33
6384500581,569938.97
6385900090,248942.425
6386200100,389847.73
6386600130,210618.53
6386700110,257739.04
6388910280,725595.78
6388930170,542392.5
6388930570,523597.0
6392000625,451955.765
6392001810,481637.415
6392003490,511918.25
6399600115,269013.885
6400700389,890594.625
6401700010,484293.51
6403510130,505216.61
6413600123,390925.69
6413600151,424896.225
6413600192,285660.5
6413600290,353064.855
6414100231,434141.925
6414100671,492818.625
6415100297,548001.325
6430000275,474886.63
6430500293,453592.29
6433000050,334051.33
6437400101,276157.59
6445800120,625825.915
6446200305,612365.5
6448600060,951279.315
6450301310,280359.895
6450301690,302932.48
6450303820,263153.385
6600000217,1019704.01
6600060140,387992.58
6600220380,555107.345
6600220550,430100.635
6600400370,202944.805
6600410480,202238.065
6600700030,489703.47
6610000591,869199.33
6613000140,998627.61
6613000935,994321.37
6619910140,607423.735
6620400205,225776.835
6623400050,266994.78
6623400193,251691.635
6623400217,250099.05
6624030050,403908.23
6626100260,769692.0
6632900354,289956.635
6635000110,677196.605
6638900115,402066.66
6638900461,719648.895
6641020050,530684.705
6641020160,483492.45
6647200060,431831.5
6648000050,361142.855
6648150040,1029396.2
6648760100,285745.27
6648770240,373208.8
6649300190,445511.62
6661200080,236507.87
6664000030,799750.86
6664500090,744028.955
6666830320,790743.98
6666830390,752147.4
6669080010,366746.665
6669200370,908383.995
6673050020,409033.535
6675500070,398389.675
6675500082,413887.855
6679000130,288093.265
6679000370,273246.875
6681500205,667186.605
6684500040,657071.085
6690500320,616616.425
6699000710,309481.52
6699000810,365923.855
6699930360,356462.45
6699930550,354049.55
6700390090,248340.71
6700390230,273091.95
6700400140,267167.325
6703100140,324947.68
6705850140,767789.665
6705870080,691210.88
6706600090,446349.37
6713700025,327797.15
6716700240,630285.0
6728700075,512747.14
6738700205,746402.26
6738700225,881373.225
6743700015,422457.95
6744700427,692523.95
6746700565,453295.25
6746700605,586719.45
6749700031,358382.0
6749700063,344834.5
6752600320,317179.45
6752601110,329591.675
6762700452,543777.25
6769200040,592384.66
6777800150,266936.0
6781200013,307386.54
6788200295,564210.525
6788201440,865553.75
6788201781,823196.625
6791000050,567020.275
6791000280,483721.16
6791050450,735848.685
6791400100,335503.93
6791400800,292198.07
6792200282,247184.045
6795100563,559293.235
6799300130,306796.41
6799300270,308297.11
6806100040,332928.89
6806300750,454331.445
6806300980,573348.105
6813600415,485698.28
6817750140,306144.95
6817800510,377652.45
6817801040,384781.5
6817850110,834586.33
6819100330,641298.63
6820100010,584171.585
6821100090,635028.2
6821101285,646192.525
6821101762,547616.44
6821101827,376646.695
6821101895,642247.97
6821102358,601431.77
6821102367,607070.0
6822100030,533982.12
6825100015,444715.475
6838700060,290654.035
6838800140,955510.085
6844700810,455846.315
6844700975,546743.99
6844702290,522579.5
6851700381,947909.35
6852700097,643704.2
6852700246,807769.925
6852700279,414694.55
6852700520,562017.315
6855100010,478184.75
6858700225,228412.53
6865200095,676749.515
6868200029,528871.235
6873000120,452644.435
6873000150,424807.995
6873000190,618575.07
6892510200,309641.125
6893300110,434698.27
6893300290,386926.21
6893300350,347948.345
6896300375,420790.25
6899990200,749060.12
6908200006,734505.815
6909700340,629327.67
6918700130,649949.31
6918710340,480545.5
6918730230,453710.5
6929600945,258826.75
6929602390,171483.7
6929603207,250927.685
6933600456,1000756.12
6979900360,730855.675
6979910120,618526.5
7010700110,554972.55
7010700550,687349.685
7010700810,731678.91
7011201016,651343.065
7011201550,822283.27
7016000440,457223.695
7016100570,569955.735
7016200460,438604.23
7017200120,320570.275
7100000110,432063.6
7104100050,485710.4
7116000350,143996.25
7116000425,138033.525
7116500125,223443.645
7128300855,446774.46
7129300400,418639.255
7129301001,545492.75
7129301578,611666.15
7129301851,322993.55
7129302235,309250.4
7129302615,259982.5
7129302806,467354.25
7129303045,666030.37
7129304225,396578.005
7129304375,179405.315
7132300550,425357.785
7132300695,399769.73
7133300380,718289.25
7135520780,806101.71
7137800085,217517.005
7137910360,235746.83
7137960440,291971.435
7137970210,258580.37
7138000260,259327.68
7147400045,325532.15
7147800015,244109.525
7148200040,244602.585
7148700050,426209.085
7148700160,374579.945
7151700585,933837.87
7165700110,317583.31
7169200221,499573.305
7170200085,489895.5
7177300575,496427.14
7183000120,327268.025
7189800095,653894.075
7197350050,499644.56
7199000290,597085.645
7199320190,594540.365
7199320600,514138.245
7199330130,467568.585
7199330480,398167.965
7199360100,405026.28
7200001259,614435.95
7201600190,491875.155
7201900370,435863.85
7202260780,623836.5
7202261260,605460.5
7202270830,632628.95
7202290240,455933.25
7202330190,427188.565
7202330790,548226.465
7202331160,627458.065
7202340390,488236.755
7202340400,486317.005
7202340930,682527.25
7202340960,632061.25
7202430060,746446.915
7203100120,680638.725
7203101260,443585.15
7203101290,448814.16
7203101580,444395.81
7203101970,425152.22
7203102140,336187.57
7203180370,895564.87
7203220260,961637.125
7203220310,891109.925
7203230040,992131.735
7203600530,417480.78
7205400180,198729.525
7205500120,257644.77
7205510230,275215.73
7205800040,465293.63
7211400506,264842.9
7211400576,272650.44
7211401610,234900.875
7212680460,338661.825
7214810510,471985.0
7214820610,464300.75
7215420160,399744.75
7215720420,623064.525
7215721070,516662.22
7215721350,539741.75
7215721570,567281.75
7215730120,603523.895
7215900020,1012872.775
7217400895,446599.745
7224000450,271319.195
7224000950,210071.32
7224500010,241042.09
7225000155,367028.27
7226500100,360066.185
7227500450,176393.87
7227500740,174830.5
7227502155,181817.615
7227502507,507519.41
7227800660,262977.345
7228500094,544553.25
7228500610,567244.345
7228501065,707027.18
7228501805,742103.055
7228502150,535887.875
7229100040,303495.075
7229100180,278834.375
7229800066,452617.86
7229800175,392766.575
7229800430,391780.565
7229900005,351901.125
7230200585,648238.71
7230300610,332935.565
7230900100,350145.9
7231501610,275451.52
7231501665,271281.385
7234600786,720463.215
7234600820,498361.5
7234600903,455402.395
7234601445,547556.805
7234601525,647049.67
7234601541,662114.69
7236300065,256332.475
7236500025,307533.61
7237300330,331933.3
7237450110,361101.5583333333
7237500390,1017048.68
7237500530,1006282.24
7237501180,991142.365
7237550100,989480.42
7237550310,995372.455
7237590010,233307.905
7238000240,451682.01
7243500015,316488.535
7243500025,450576.915
7254000050,621980.705
7254000100,679350.0
7254200040,406824.275
7276100282,491884.135
7278700070,587998.88
7280300042,584263.16
7283900036,310625.705
7283900521,384806.935
7291700065,450917.38
7298040500,540200.75
7298050110,542254.35
7299600920,284518.035
7299600950,279341.795
7300400150,360583.03
7300400320,412750.295
7300400580,365223.065
7300410010,367035.5
7300700050,325314.475
7300700056,410778.15
7301300150,303556.98
7301300215,386650.39
7302000500,413080.7
7303200450,241185.325
7304300430,314378.47
7304300905,311458.645
7304301231,372453.845
7305300090,356763.66
7308900490,571969.825
7312000240,576299.045
7319900345,442431.61
7324900016,1014016.02
7325600160,243309.25
7334401040,315729.665
7334500800,279455.155
7334501440,304296.92
7334600280,293532.025
7334602070,309287.955
7335400345,144009.36
7338000800,183247.915
7338001190,181725.455
7338402160,361653.55
7340600735,449150.09
7346600092,254190.64
7347600490,230057.205
7349650330,271818.72
7349800780,240160.03
7375300100,481898.775
7387500195,311806.98
7399200510,368547.9
7399300120,284978.86
7399300510,285407.37
7399301100,290796.255
7401000040,451532.265
7405700015,355152.85
7410200431,571002.575
7417700664,362346.76
7418700040,362039.99
7419700010,679427.53
7430200100,995279.575
7430500301,680149.22
7431500341,902792.015
7436900045,394972.825
7437100340,311775.85
7443000652,380169.56
7443000985,638750.535
7445000105,438372.635
7452500365,253072.3
7452500770,279517.695
7454000470,359275.125
7454000605,271175.285
7454000875,269997.5
7454001280,248399.095
7460000015,212207.415
7461400360,326462.25
7462900015,435260.9
7501000340,978096.19
7503000020,379207.68
7504001430,532339.705
7504030090,723439.475
7504030220,619888.13
7504050090,760087.445
7504100110,692379.875
7504100360,612621.0
7504110030,749127.27
7504200250,620400.575
7507500015,375771.9
7511200020,617564.585
7511800070,251440.49
7518501140,491664.05
7518503490,477995.93
7518504291,531743.03
7518504775,548458.265
7518507580,571399.06
7518508625,627876.135
7519000170,525416.15
7519001321,527759.58
7519001990,425201.915
7520000440,279934.375
7522700110,240009.8
7523700245,228597.57
7523700305,227840.22
7524200330,238732.025
7524950710,556283.145
7524950730,656503.4
7525100060,595820.97
7525100520,450378.435
7525300240,714363.195
7537300210,579673.25
7548300170,642706.91
7548300326,452100.25
7548301050,369776.05
7549800045,538342.86
7549801395,318756.865
7550800015,524010.265
7550800736,549887.03
7550801170,535962.01
7550801220,478270.4
7551300060,464986.98
7555200230,771883.18
7558700030,1016536.345
7558800240,493484.83
7562100065,261507.59
7568700480,314117.945
7568700740,515558.89
7574000080,442874.59
7574910650,819560.385
7575500040,222132.075
7575600100,276166.35
7575600610,250393.165
7575620750,243713.265
7575700015,704319.82
7576700131,733534.715
7576700150,868756.5
7577700136,568488.77
7577700185,456304.29
7577700440,417726.665
7578200310,673514.325
7586200061,354455.125
7589200193,490820.245
7625701175,489374.065
7625701795,713562.95
7625701830,531578.5
7625701891,405302.45
7625702277,393004.8
7625702444,391557.05
7625702615,319360.97
7632400400,753733.8
7635800600,396890.03
7635801370,564133.335
7645900355,927026.54
7657000085,262048.845
7657600005,260404.31
7657600195,226577.19
7660100236,399923.94
7660100238,384934.87
7660100309,376530.475
7661600206,346493.47
7663700261,397259.5
7663700610,427302.0
7663700663,290508.35
7663700759,373109.375
7663700772,434134.945
7683800212,200880.25
7683900200,513648.505
7686202065,264322.625
7686202580,197272.51
7686203180,220629.075
7686205020,159095.75
7689600360,178659.99
7689600650,365020.25
7694600143,305657.19
7694800180,568028.78
7696600020,243579.955
7696630080,236214.06
7696630170,271753.68
7697000020,292733.47
7697000150,290570.285
7697920150,284626.29
7701930010,479316.635
7701960720,990794.47
7701990700,838517.0
7702080150,614937.0
7702600930,408283.31
7708000010,361163.25
7708180040,539496.43
7708210040,592845.94
7708210070,555869.825
7714000070,396379.79
7715600050,382410.77
7715800710,485982.88
7715801040,440294.51
7732000045,735065.93
7732400490,704138.53
7732410370,800215.755
7732410380,797069.085
7732410420,756032.435
7732650120,806982.13
7738500185,334970.58
7739100155,621944.25
7740500070,434842.735
7744500020,347095.235
7749500160,210805.195
7760400480,260182.96
7760400900,313760.335
7771300125,509019.845
7772000010,470282.71
7772800020,606813.325
7772850060,319594.01
7774200236,267653.03
7779200105,560597.985
7779200355,596944.7
7784000110,709697.94
7784400035,566682.8
7785000130,885807.0
7785350010,642052.225
7787920250,562665.45
7788400065,291157.925
7789000120,269467.0
7796450200,269109.71
7796600070,243453.705
7796600085,253752.45
7800800160,363573.73
7802900224,602499.615
7802900380,347398.455
7805450110,715714.335
7805600070,262110.135
7806450190,537105.375
7809200035,249382.965
7811000020,553298.32
7811200310,582913.945
7812800155,196757.79
7812801115,233106.155
7812801125,223195.645
7812801700,222803.99
7818700410,531522.29
7819000040,399442.96
7821200390,477070.39
7831800110,285133.065
7831800395,255371.835
7841300230,319979.305
7841300285,207157.4
7841300535,256353.835
7844200050,323583.17
7849200861,282598.6
7849201061,375960.84
7849202231,311974.945
7849202296,316232.2
7851990240,824698.325
7852000010,473786.0
7852010670,747534.025
7852010900,545196.0
7852011020,588123.22
7852020250,674089.235
7852020340,543496.885
7852030960,447114.75
7852040080,526981.16
7852060490,359067.75
7852090680,555673.5
7852100150,503341.405
7852110050,547208.75
7852120120,791784.545
7852120140,730263.75
7852130550,514347.995
7852130640,457034.5
7852140040,530350.44
7852150120,392372.16
7852170140,709546.675
7853210210,424569.995
7853220120,686775.17
7853220740,599335.99
7853220910,513966.2
7853221010,491247.765
7853230570,433959.25
7853240200,650046.58
7853240560,675538.48
7853250070,619035.0
7853270740,626110.0
7853280350,745958.0
7853300280,507427.75
7853301220,467433.0
7853301520,739952.15
7853301930,430737.75
7853302190,432340.37
7853310380,664396.69
7853320550,421107.775
7853321110,424808.005
7853340490,366819.985
7853340960,481568.505
7853350090,685063.725
7853360250,577581.82
7853360990,428934.755
7853361210,389837.65
7853380480,584869.615
7853420110,592724.29
7853430660,643253.16
7854800090,793537.565
7855000460,1023861.15
7855200120,989095.265
7856400410,975543.89
7856560380,770442.125
7856560480,583395.14
7856570190,925019.505
7856601110,792939.4
7856610130,841270.88
7857000716,343547.575
7861000021,301817.755
7871500280,894670.885
7871500440,680712.655
7883603425,270254.29
7883603945,344662.385
7883604065,240583.75
7885800290,367521.14
7885800740,332983.25
7888100090,232542.73
7888200140,264288.905
7889000125,232901.65
7889000160,199205.515
7889600080,217492.325
7889600190,253586.03
7889600285,317050.425
7889601165,294582.265
7889601300,252311.06
7889601320,204493.065
7891600260,285235.225
7893203450,209597.27
7893804340,352299.145
7893804845,339095.23
7899800863,260505.26
7905200061,425919.035
7905380080,482709.995
7905390220,438075.765
7915100490,586610.78
7920100083,481717.875
7922710320,495902.285
7922710520,553981.72
7922720040,668986.14
7922750020,531998.91
7922750150,667671.99
7922900030,820701.795
7925100271,345515.87
7931000053,337161.15
7932000041,587025.055
7932600140,455300.605
7935000595,770150.61
7936000252,556402.225
7937600380,411833.385
7937900040,709946.69
7937900220,719082.19
7939000090,279132.885
7940710070,399363.4
7942100310,234957.095
7942200050,261014.54
7942601155,450391.24
7942601805,799386.18
7950302150,308923.83
7950304095,321838.62
7954000125,581680.965
7954300330,582352.045
7954300620,584440.67
7954300740,594037.11
7955030060,350258.765
7955040130,459233.55
7960100030,626158.78
7961500010,319155.62
7967000160,355570.815
7968460240,287168.605
7968460270,286707.645
7972600676,345208.87
7972601885,316898.475
7972601995,255305.0
7972602080,296497.19
7972604425,306311.68
7974200776,622847.86
7974200820,833683.56
7977200720,579812.9
7977201709,575163.34
7977201865,556595.935
7979900552,330224.135
7981900110,432551.47
7983100150,183374.095
7984400050,232158.495
7986400360,732373.46
7986400945,503193.88
7986401275,683607.99
7987401010,774207.47
7999600180,215591.475
8010100135,611021.775
8011100047,562858.505
8016250140,282178.395
8018600870,224142.45
8019200925,261378.795
8019201061,213106.225
8024200684,420685.3
8024201055,365980.99
8024201795,382233.27
8024202170,592440.475
8026200080,345081.7
8029500180,324101.3
8029770470,524115.415
8030500010,504080.255
8032700070,643905.22
8032700072,526465.875
8032700175,557224.75
8035350010,554938.925
8035600590,359312.78
8039900360,369627.75
8044700010,540450.45
8045000180,495481.565
8045000340,507042.75
8062900070,338734.47
8069000075,700133.94
8069000216,361049.31
8072000035,317585.75
8074200185,310158.895
8077100031,616323.965
8078050040,245875.015
8078050140,254169.73
8078100140,319190.55
8078350220,600681.77
8078380090,598184.575
8078410280,556750.28
8078440140,562899.19
8078460050,650994.645
8078460320,610183.25
8078490330,290438.43
8078550190,281750.875
8078550250,312571.525
8078550610,277555.755
8078560140,274256.905
8078570460,288788.75
8078700020,478686.285
8081020370,952836.545
8081500060,1025888.005
8081900195,595669.235
8082400011,471223.185
8082400136,792336.93
8083400066,800574.0
8085400055,986062.755
8085400376,1016803.66
8087800020,472274.585
8091410080,250182.775
8091600080,215664.5
8092700220,271025.195
8093800200,437341.0
8096600050,423327.975
8096800270,266759.825
8096800500,310320.18
8099900490,498081.32
8100000090,246986.275
8103000110,298050.5
8106300090,465854.4
8108600464,357942.965
8113100850,348303.27
8113101000,407480.42
8113101670,397546.45
8113600004,689465.125
8121100255,468762.87
8121200460,521810.615
8121200620,493907.165
8121200710,517402.325
8122100835,289838.25
8122100905,395155.175
8122101115,431364.47
8122600020,311921.94
8122600195,390116.505
8125200480,425677.84
8125200481,336396.155
8125200483,259522.825
8126300410,594999.805
8127700210,622118.4
8127700735,906608.7
8128600060,809513.15
8129700255,698696.78
8129700644,723533.195
8129700728,643821.59
8137500730,464290.61
8141200080,732123.45
8141300030,344315.055
8146100610,726993.8
8146300180,722973.46
8151600142,338599.525
8151600590,416734.31
8151600663,284783.935
8151600900,475227.82
8151601190,278517.94
8155500020,605184.35
8155750010,244089.03
8155850010,879608.86
8156600210,934657.275
8159300040,461112.67
8159610030,284191.335
8159620160,242017.1
8161000210,699936.275
8161000230,582974.15
8165100035,346721.745
8165500830,335521.35
8165501510,337087.2
8562710520,923331.75
8562720420,985494.5
8562740440,734013.475
8562740480,787861.41
8562770350,604483.12
8562780190,336049.525
8562780290,330849.92
8562780430,342596.91
8562780530,336005.125
8562780800,315205.715
8562790480,589926.12
8562890280,347717.37
8562890560,376499.495
8562900240,727216.25
8562901830,688602.17
8562970040,747477.45
8563030280,605780.305
8563040160,617907.885
8564950280,530798.65
8566100200,923258.44
8567300270,415798.755
8567450060,529300.5
8567450080,550960.725
8568700015,382512.08
8570900328,275457.04
8572900275,206112.775
8581200030,214090.725
8581400015,166239.45
8582010240,613491.775
8594400110,338486.855
8615800500,858539.5
8642600170,327763.675
8643200035,286251.36
8644210050,783547.735
8644400040,640588.33
8644400060,642987.31
8645500160,280359.645
8645511350,304924.5
8647800150,342183.36
8648100030,273967.71
8648210140,255920.305
8648700450,673508.415
8649400410,514047.75
8649900480,706014.79
8650300130,673434.64
8651400730,195677.9
8651401720,212641.695
8651402750,204898.04
8651402920,211576.29
8651410090,201284.405
8651410740,200113.1
8651430220,182855.625
8651430370,209179.615
8651430560,177988.05
8651430780,184681.775
8651440740,249493.95
8651441750,197972.725
8651442440,217119.55
8651442520,251744.15
8651510610,482305.585
8651511220,525758.03
8651511250,538703.71
8651610240,822004.345
8651611590,819678.75
8651611640,881426.795
8651720420,478785.245
8653600100,862051.93
8658300315,441186.2
8658300455,349344.35
8658300510,402605.925
8658301535,331821.995
8658303265,330385.6
8661000033,233228.59
8662500130,255942.7
8663200450,512636.255
8663260030,456773.235
8663310010,441847.995
8663370060,413675.09
8665900070,489793.625
8665900336,427986.25
8670900140,962747.485
8673400052,511852.525
8673400061,421410.665
8673400086,451498.75
8677900123,429497.88
8682250090,774451.55
8682260480,426538.725
8682260610,549604.2
8682260850,531392.34
8682261140,535773.75
8682262330,413726.975
8682280260,401566.575
8682281200,474212.395
8682281220,401475.575
8682282070,761822.045
8682291390,624119.4
8682291680,538910.88
8682291720,540374.605
8682291730,508741.7
8682292190,841523.255
8682300640,673417.355
8682300890,684009.55
8682301050,701986.26
8682310220,699547.175
8687800065,314966.055
8691300380,760304.66
8691300420,796949.545
8691300900,855978.655
8691310070,893991.135
8691370400,702028.47
8691370500,712635.695
8691390770,748909.065
8691391090,732939.645
8691410310,748777.53
8691440330,940366.485
8691500990,459949.915
8691510150,329744.815
8691510170,362083.01
8691510310,369758.51
8698600080,301345.0
8698600395,193963.75
8699100321,310273.78
8699800070,362313.3
8700110020,262693.08
8700120520,252585.315
8700500020,269657.375
8701600030,508611.265
8712100530,751877.19
8712100790,918354.115
8718500260,445366.46
8718500275,412609.5
8718500665,357561.625
8722100570,895292.535
8725950220,832175.725
8728100781,287886.775
8730600050,677891.78
8731730590,246143.975
8731730710,197186.905
8731900200,286179.95
8731900340,255192.195
8731901810,269419.495
8731902680,258005.59
8731951490,275244.015
8731951670,269027.6
8731960050,334066.765
8731982250,233790.99
8731983200,282178.125
8731990090,520246.52
8731990370,355807.23
8731990440,315897.775
8731990700,468870.7
8732020310,283280.375
8732020440,304371.94
8732020770,303936.155
8732030080,243817.515
8732040180,261234.5
8732040810,268948.56
8732040820,291162.53
8732130580,271580.455
8732160250,259358.655
8732190460,281102.75
8732300060,789617.005
8732300430,793024.37
8805900080,678763.985
8805900570,811865.515
8807810890,391683.7
8818400155,621034.475
8819901030,775154.825
8820901792,807576.775
8820903080,336882.66
8820903555,431614.69
8822900122,329571.55
8822901200,469978.705
8822901301,316674.0
8823901445,759839.25
8827900560,659997.095
8827901060,669962.34
8827901350,768867.0
8827901415,649989.49
8832900135,731072.94
8832900360,571011.755
8832900550,555017.75
8835700250,882155.045
8835700330,795718.395
8835900086,792563.5
8838900167,686306.48
8849700040,280503.425
8854000010,677836.605
8854000370,539065.125
8856000545,167643.53
8856004327,288154.425
8856004328,289770.365
8856890200,352609.15
8856950240,323074.625
8856960280,331120.375
8856970440,330929.075
8856970530,320927.39
8856970570,326127.975
8856971000,283602.855
8857600540,266108.825
8857640040,392914.335
8857640170,478072.33
8859000045,506907.4
8860200010,307148.71
8860310120,668568.9
8860310240,594569.3
8861500065,567899.5
8861500080,640379.985
8864000440,193189.17
8880600070,287149.375
8887001140,728431.4
8887001640,532476.29
8892900180,215262.92
8894200150,756102.155
8899000310,272486.965
8899200110,291458.825
8899200570,315902.755
8899210320,343956.75
8901000143,654807.05
8901000585,456338.245
8901001290,423668.45
8902000267,593985.27
8910500150,443303.95
8911000445,352492.9
8914100170,576118.63
8917100153,591557.2
8923600020,940931.96
8924100370,949443.91
8924100430,597989.245
8924600020,953002.81
8929000230,483941.895
8929000270,465679.675
8931100095,734122.92
8941500010,744862.22
8944300010,219006.59
8944360290,487375.12
8944360390,479960.51
8944750730,319061.95
8945100320,210131.465
8945100530,196438.15
8946390040,382914.695
8946750020,283193.75
8946750030,245493.525
8947800080,320456.17
8948500025,339280.585
8952900260,402391.75
8956000250,571581.625
8956200070,395664.625
8956200560,400093.11
8956200760,488161.27
8956200990,429415.02
8960000030,244701.75
8961950410,322699.55
8961960160,519250.665
8961970190,652508.25
8961980290,694251.5
8963300005,422404.46
8964800050,934309.765
8964800370,895840.0
8965410150,931169.195
8965500880,881083.14
9100000040,484212.9
9103000393,976256.675
9106000050,696750.75
9117100130,334597.225
9122000385,579777.215
9126100814,499503.7
9126100861,545175.315
9126101201,317124.94
9136101335,574090.73
9136103027,513079.835
9136103130,540740.955
9136103136,485037.82
9144100007,638938.715
9151600106,763749.0
9158100075,393135.62
9158100090,510947.91
9161100075,834757.54
9161100460,397859.44
9165100130,479310.75
9165100330,493430.415
9170500060,589458.16
9178600560,497396.915
9187200095,724145.715
9194101388,538659.275
9195700380,470470.09
9198600035,289809.76
9201000030,759384.72
9201000320,788524.36
9201000460,597683.22
9201000480,570411.905
9201000610,833739.42
9202650210,578511.25
9211010320,530016.63
9211500520,216204.28
9211500560,220221.625
9211520150,256685.015
9211520400,257164.985
9221400600,480776.665
9222400510,406260.12
9238430300,567944.135
9238430680,608508.485
9238450430,326288.3
9238480020,625355.875
9238500480,493533.71
9238900616,552999.825
9244900248,683180.35
9253900271,955779.24
9262800255,292115.875
9264910300,342459.94
9264920270,345115.005
9264921140,290099.35
9264930400,303324.62
9266701115,394873.73
9268200300,494614.345
9268200658,400025.99
9268710220,205793.605
9268850480,333975.405
9268850860,670010.75
9268851670,603650.02
9268851740,629473.75
9268851800,435215.87
9272201318,589754.5
9274200028,426101.57
9274200320,585195.75
9275200080,329881.145
9275700005,883291.8
9276200850,472330.41
9276201140,585872.995
9277200111,634468.52
9278200131,485663.21
9282801030,424521.83
9282801720,303024.25
9284800085,409836.9
9284801165,323484.495
9284802215,561784.23
9285800055,620824.365
9285800590,532533.375
9286000110,1032592.9
9289100170,499452.5
9297300055,762269.935
9297300500,344101.065
9297300590,564565.72
9297301065,518305.72
9297301190,361934.495
9301300215,920215.5
9301300270,905529.175
9301301145,513972.39
9307300100,532667.445
9315600050,959619.58
9320350020,501531.805
9320990110,324828.215
9321010130,236868.225
9322800230,796350.66
9323610260,643481.78
9325200120,509245.935
9325800005,289752.425
9329300040,434400.44
9331800580,342198.48
9334800140,334862.125
9346930250,641218.135
9346950050,677305.075
9347900020,265926.2
9348500220,564588.75
9348700020,850083.8
9350900550,869932.13
9352900222,261960.675
9353300820,293215.05
9357000650,449379.58
9359100500,1027111.915
9362000040,972279.95
9368700031,182527.4
9376301112,443490.93
9396700028,370628.7
9406500310,230253.34
9406500530,251448.875
9406520260,328387.675
9406520580,305482.3
9406530160,338095.285
9406590250,311191.685
9407000920,268833.16
9407001340,282601.415
9407001500,285268.94
9407001620,312901.03
9407001700,258366.51
9407101840,311239.75
9407102460,293460.9
9407110680,280092.04
9407111100,312736.89
9407600250,225589.415
9408300310,636501.875
9408300380,674711.5
9412200260,460525.965
9412200330,382332.705
9412200660,438085.44
9412400220,925864.17
9412700550,275451.105
9413500350,475404.705
9413900035,1003791.88
9414610070,435969.275
9414610240,463961.605
9415950020,326869.225
9417400110,410146.595
9429400060,404186.7
9432900040,317653.425
9432900180,324265.835
9432900250,320150.225
9432900380,298602.27
9433000060,793943.535
9438300035,393028.39
9445300045,639642.5
9448300061,292482.965
9448300115,395101.795
9454200030,388350.27
9455200205,507088.335
9455200329,547562.515
9455200445,463305.075
9465910070,461707.825
9465910150,558436.5
9468200109,974060.425
9468200125,480339.575
9468200163,595011.035
9471201110,913481.09
9476200020,233586.425
9477000300,433049.75
9477000650,422812.295
9477001270,381000.015
9477001280,439004.35
9477101280,429959.0
9477200200,426351.7
9477201040,433508.955
9477201470,372320.68
9485300190,296444.25
9485740340,354969.05
9485760050,267901.12
9485940330,420229.245
9485951030,612805.4
9492500140,862675.565
9510300130,606196.69
9510860750,853071.085
9510860840,809321.19
9510861140,711893.58
9510920070,786688.8
9510930350,402366.825
9510970300,819249.12
9517200610,353626.025
9521100029,629863.075
9521100031,611412.96
9521100106,677331.99
9522100485,666328.76
9523100458,554273.045
9523102580,629432.02
9523103000,716063.875
9526600140,734783.43
9527310180,519171.05
9530101535,638346.04
9532000170,514022.6
9533100145,760290.25
9540100060,382481.35
9541600060,765857.23
9541600110,882886.14
9541600255,818708.065
9541600280,626590.16
9542200220,986135.195
9542300320,806500.79
9542300430,753392.265
9542400010,738985.02
9542400025,842057.885
9542800050,287258.95
9542801120,287127.095
9542830540,311725.7
9542840410,311867.725
9542840730,290489.375
9542850580,849992.565
9543000945,264748.09
9545220100,596590.295
9545260100,745946.02
9547200530,836862.5
9547200790,651404.5
9547204930,575092.78
9547205610,641869.0
9550200265,593120.085
9550200370,625329.755
9550204450,656533.785
9550204590,792384.94
9551201250,637058.005
9551201295,516496.805
9551202875,763962.48
9553200125,639234.98
9554200200,509278.84
9558010190,363742.865
9558010230,350648.855
9558020840,355629.69
9558020890,321266.12
9558200025,260485.085
9558200210,240371.22
9558900010,540360.275
9560500105,764912.47
9560700010,612038.59
9560800310,492933.085
9560800390,463975.1
9567800435,435889.5
9572000080,329482.4
9578050120,989747.19
9578060540,503471.13
9578090050,816100.23
9578090180,813685.76
9578200030,343243.325
9578500510,367162.48
9578500690,407164.355
9578500820,416546.27
9804500420,407571.72
9808100185,1027207.825
9808590460,894123.37
9808610410,920298.945
9818700215,481205.5
9818700455,676387.57
9822700190,856614.395
9826701665,602837.68
9826701765,486106.205
9828200147,483640.0
9828200605,668872.25
9828202325,367879.32
9828701488,428725.14
9828701565,736129.13
9828701747,519094.23
9828702262,559400.15
9828702265,648680.275
9828702339,639669.71
9828702389,649695.14
9828702518,527690.9
9828702667,504683.305
9828702812,595868.48
9828702902,541973.66
9829200250,920828.72
9831200520,962877.91
9834200390,462807.5
9834200925,385304.38
9834200950,410085.735
9834200975,453229.305
9834201370,402601.37
9835801000,251643.98
9839300125,641380.155
9839301055,547896.51
